ExpiryDate,OptionType,StrikePrice,OpenInterest,ChangeInOI,LTP,IV
04-Nov-2025,Call,24000,75.0,,1120.0,0.0
04-Nov-2025,Call,24200,75.0,,817.75,0.0
04-Nov-2025,Call,24450,75.0,,847.0,0.0
04-Nov-2025,Call,24500,750.0,225.0,905.0,14.76488991497762
04-Nov-2025,Call,24600,825.0,600.0,802.0,13.39534565114856
04-Nov-2025,Call,24650,375.0,,639.05,0.0
04-Nov-2025,Call,24700,2100.0,1125.0,724.25,13.433064906368564
04-Nov-2025,Call,24750,225.0,,514.0,0.0
04-Nov-2025,Call,24800,4650.0,2625.0,647.95,13.350837230340423
04-Nov-2025,Call,24850,525.0,,576.2,11.584390198322504
04-Nov-2025,Call,24900,3825.0,2250.0,555.85,12.348290623564388
04-Nov-2025,Call,24950,825.0,300.0,480.05,10.412676737735163
04-Nov-2025,Call,25000,21300.0,-3375.0,478.1,11.903761483626488
04-Nov-2025,Call,25050,2325.0,750.0,440.9,11.693414056731227
04-Nov-2025,Call,25100,9150.0,3300.0,405.05,11.495867132195006
04-Nov-2025,Call,25150,4275.0,1425.0,362.35,10.963928613083121
04-Nov-2025,Call,25200,29775.0,10575.0,338.3,11.160374365310416
04-Nov-2025,Call,25250,6675.0,3375.0,305.0,10.916858357215231
04-Nov-2025,Call,25300,42000.0,18900.0,276.1,10.796365263593962
04-Nov-2025,Call,25350,12525.0,2700.0,248.0,10.649024066368968
04-Nov-2025,Call,25400,23025.0,14025.0,222.4,10.541793178180768
04-Nov-2025,Call,25450,8100.0,-23475.0,195.4,10.313329202526106
04-Nov-2025,Call,25500,50550.0,16875.0,176.3,10.34626285765357
04-Nov-2025,Call,25550,5475.0,3150.0,154.7,10.209976864631845
04-Nov-2025,Call,25600,25050.0,6150.0,134.5,10.06372921451372
04-Nov-2025,Call,25700,38025.0,12600.0,104.25,10.02399027027928
04-Nov-2025,Call,25750,6450.0,750.0,93.0,10.09762154962469
04-Nov-2025,Call,25800,5250.0,5250.0,78.1,9.917592624590407
04-Nov-2025,Call,25850,6675.0,4275.0,68.85,9.972030280834296
04-Nov-2025,Call,25900,72450.0,23475.0,61.0,10.05318641224699
04-Nov-2025,Call,26000,102600.0,54300.0,46.4,10.123475990447705
04-Nov-2025,Call,26200,30675.0,12600.0,25.9,10.253558677871222
04-Nov-2025,Call,26400,26175.0,4350.0,13.75,10.366018533816469
04-Nov-2025,Call,26450,600.0,,13.0,10.617447173338384
04-Nov-2025,Call,26500,25650.0,6675.0,12.85,10.957473908647708
04-Nov-2025,Call,26550,7425.0,375.0,11.45,11.072908990377838
04-Nov-2025,Call,26600,1125.0,450.0,11.35,11.407670028903427
04-Nov-2025,Call,26650,3225.0,3150.0,10.05,11.501398779728266
04-Nov-2025,Call,26700,675.0,525.0,8.55,11.515297369390819
04-Nov-2025,Call,26750,75.0,,6.5,11.326264535921252
04-Nov-2025,Call,26800,5475.0,-150.0,8.1,12.0707887988735
04-Nov-2025,Call,26850,75.0,,6.5,11.966064855931794
04-Nov-2025,Call,26900,35625.0,2325.0,6.0,12.131707993279118
04-Nov-2025,Call,27000,300.0,300.0,6.2,12.818666288085002
04-Nov-2025,Put,22850,7950.0,75.0,6.4,19.42147240366191
04-Nov-2025,Put,22900,2625.0,900.0,8.4,19.839224045874655
04-Nov-2025,Put,23000,28425.0,2325.0,8.05,18.977158981272208
04-Nov-2025,Put,23100,1575.0,,8.0,18.22405071986653
04-Nov-2025,Put,23150,75.0,,18.7,20.591899708030933
04-Nov-2025,Put,23200,1575.0,-75.0,9.45,17.949626333592647
04-Nov-2025,Put,23250,1275.0,,10.4,17.848320809477382
04-Nov-2025,Put,23300,2850.0,,9.85,17.314072378011797
04-Nov-2025,Put,23350,150.0,,13.5,17.86265199838933
04-Nov-2025,Put,23400,1425.0,,11.0,16.864584528432413
04-Nov-2025,Put,23450,75.0,,75.5,25.002162442569897
04-Nov-2025,Put,23500,27225.0,4200.0,12.1,16.36290630353223
04-Nov-2025,Put,23600,1125.0,300.0,15.25,16.250181835613404
04-Nov-2025,Put,23650,300.0,225.0,12.8,15.347163731628
04-Nov-2025,Put,23700,7725.0,5475.0,14.1,15.22044824029957
04-Nov-2025,Put,23750,225.0,,22.0,16.177376639226456
04-Nov-2025,Put,23800,5025.0,300.0,18.45,15.19337074035006
04-Nov-2025,Put,23900,4125.0,-300.0,19.15,14.469914852467086
04-Nov-2025,Put,24000,68475.0,16950.0,23.2,14.20133125455175
04-Nov-2025,Put,24200,675.0,675.0,27.8,12.993198199137348
04-Nov-2025,Put,24300,34350.0,27375.0,32.5,12.56911007222486
04-Nov-2025,Put,24400,18375.0,3675.0,40.0,12.306249799631837
04-Nov-2025,Put,24500,76425.0,36150.0,46.65,11.847833711561236
04-Nov-2025,Put,24600,59400.0,38550.0,56.2,11.493561585414993
04-Nov-2025,Put,24650,3525.0,1050.0,61.05,11.271747950104952
04-Nov-2025,Put,24700,24075.0,1350.0,69.35,11.23191459306339
04-Nov-2025,Put,24750,4650.0,1275.0,77.25,11.116852389534492
04-Nov-2025,Put,24800,45225.0,2925.0,82.5,10.810567464355126
04-Nov-2025,Put,24850,8250.0,5025.0,90.2,10.604674785273941
04-Nov-2025,Put,24900,24825.0,11625.0,97.85,10.35591263816517
04-Nov-2025,Put,24950,13875.0,9750.0,110.0,10.28585338763263
04-Nov-2025,Put,25000,94950.0,5700.0,124.45,10.266272974701689
04-Nov-2025,Put,25050,8400.0,3825.0,128.75,9.731629546128143
04-Nov-2025,Put,25100,24075.0,9525.0,150.55,9.926857128671477
04-Nov-2025,Put,25150,18075.0,8550.0,162.35,9.623742948770895
04-Nov-2025,Put,25200,28725.0,2775.0,182.6,9.617713567628709
04-Nov-2025,Put,25250,7425.0,1875.0,205.45,9.65105595686936
04-Nov-2025,Put,25300,25875.0,-3075.0,218.2,9.207648885786474
04-Nov-2025,Put,25350,3150.0,3150.0,241.0,9.104300913465908
04-Nov-2025,Put,25400,8925.0,750.0,265.5,8.998140522155468
04-Nov-2025,Put,25450,1275.0,1275.0,284.1,8.571491957166815
04-Nov-2025,Put,25500,12375.0,-900.0,318.95,8.742730130177458
04-Nov-2025,Put,25550,75.0,75.0,382.95,10.116677104182143
04-Nov-2025,Put,25600,3000.0,-750.0,377.75,8.385347038008224
04-Nov-2025,Put,25700,4125.0,4125.0,442.1,0.0
04-Nov-2025,Put,25800,525.0,525.0,512.9,0.0
04-Nov-2025,Put,25900,150.0,150.0,656.75,0.0
04-Nov-2025,Put,26250,75.0,75.0,920.0,0.0
11-Nov-2025,Call,24700,75.0,75.0,750.7,11.920021441204707
11-Nov-2025,Call,24900,450.0,150.0,600.0,11.750567390851902
11-Nov-2025,Call,24950,225.0,,667.55,15.690806966394245
11-Nov-2025,Call,25000,5850.0,75.0,535.0,11.84474003321008
11-Nov-2025,Call,25050,525.0,,439.45,9.40648417843168
11-Nov-2025,Call,25100,4050.0,3075.0,426.05,10.128550009442385
11-Nov-2025,Call,25200,10125.0,5550.0,395.6,11.192458014135564
11-Nov-2025,Call,25250,900.0,150.0,360.05,10.91007873768158
11-Nov-2025,Call,25300,11250.0,3675.0,332.3,10.86352804329109
11-Nov-2025,Call,25350,3525.0,2025.0,286.5,10.13601548970741
11-Nov-2025,Call,25400,5325.0,2100.0,269.25,10.369245915137999
11-Nov-2025,Call,25450,750.0,225.0,252.5,10.574650232041789
11-Nov-2025,Call,25500,15450.0,2475.0,226.0,10.387183591791182
11-Nov-2025,Call,25550,525.0,150.0,198.4,10.107234717524902
11-Nov-2025,Call,25600,3675.0,3300.0,181.3,10.159329224847351
11-Nov-2025,Call,25650,2550.0,1050.0,163.0,10.119559197728197
11-Nov-2025,Call,25900,11100.0,600.0,88.2,9.82398477105311
11-Nov-2025,Call,26000,26400.0,22950.0,70.15,9.893865906178881
11-Nov-2025,Call,26100,5250.0,4200.0,54.25,9.89766837907522
11-Nov-2025,Call,26200,5475.0,300.0,40.0,9.800317366236191
11-Nov-2025,Call,26400,75.0,75.0,56.45,12.540162127673648
11-Nov-2025,Call,26600,7800.0,150.0,17.35,10.597162506058904
11-Nov-2025,Call,26650,375.0,375.0,15.4,10.661163679078173
11-Nov-2025,Call,26750,75.0,75.0,13.0,10.931251129820104
11-Nov-2025,Call,26950,4200.0,3225.0,10.0,11.591067896262276
11-Nov-2025,Put,23350,75.0,,22.6,17.320327372002556
11-Nov-2025,Put,23500,6075.0,-450.0,17.0,15.347069900897376
11-Nov-2025,Put,23700,2250.0,1875.0,22.25,14.695893012251936
11-Nov-2025,Put,24000,6000.0,3600.0,26.0,12.900834068442036
11-Nov-2025,Put,24100,75.0,,40.65,13.534821306935088
11-Nov-2025,Put,24300,75.0,75.0,55.25,12.950314062782143
11-Nov-2025,Put,24500,1875.0,1650.0,63.0,11.630611029964571
11-Nov-2025,Put,24600,7650.0,1200.0,75.1,11.372499220983846
11-Nov-2025,Put,24800,9375.0,-75.0,106.4,10.85113208409449
11-Nov-2025,Put,25000,20775.0,5475.0,147.25,10.21753879497171
11-Nov-2025,Put,25050,3900.0,225.0,177.6,10.746269432324567
11-Nov-2025,Put,25100,3975.0,3900.0,171.4,9.829923872131273
11-Nov-2025,Put,25150,150.0,75.0,191.8,9.884377942932257
11-Nov-2025,Put,25200,13050.0,3075.0,207.15,9.70457195319468
11-Nov-2025,Put,25250,525.0,450.0,226.65,9.628200315929192
11-Nov-2025,Put,25300,3450.0,3450.0,248.2,9.575259411178678
11-Nov-2025,Put,25350,750.0,750.0,269.1,9.448906728128156
11-Nov-2025,Put,25500,10500.0,-150.0,347.1,9.297855549961517
14-Oct-2025,Call,22850,6675.0,-150.0,2355.0,0.0
14-Oct-2025,Call,22900,75.0,,2154.85,0.0
14-Oct-2025,Call,23000,8700.0,-9225.0,2254.85,103.8389458087791
14-Oct-2025,Call,23100,75.0,,2080.0,0.0
14-Oct-2025,Call,23150,75.0,,1757.35,0.0
14-Oct-2025,Call,23200,75.0,-300.0,2064.5,102.8815929596737
14-Oct-2025,Call,23250,75.0,,1657.35,0.0
14-Oct-2025,Call,23300,300.0,-150.0,1965.0,98.99961959029844
14-Oct-2025,Call,23350,75.0,,1549.85,0.0
14-Oct-2025,Call,23400,600.0,-75.0,1865.0,94.77379454456492
14-Oct-2025,Call,23450,75.0,,1495.15,0.0
14-Oct-2025,Call,23500,18075.0,-2175.0,1738.9,68.39864951158204
14-Oct-2025,Call,23550,225.0,,1529.2,0.0
14-Oct-2025,Call,23600,900.0,-300.0,1670.0,89.11368831729631
14-Oct-2025,Call,23650,600.0,,1544.8,0.0
14-Oct-2025,Call,23700,675.0,-900.0,1570.0,84.74723452224417
14-Oct-2025,Call,23750,300.0,,1616.5,119.38218189130573
14-Oct-2025,Call,23800,1050.0,-2700.0,1457.25,73.18444238785786
14-Oct-2025,Call,23850,525.0,,1358.5,0.0
14-Oct-2025,Call,23900,2025.0,-2550.0,1353.2,66.49039415223301
14-Oct-2025,Call,23950,375.0,,1203.65,0.0
14-Oct-2025,Call,24000,84600.0,-27600.0,1256.9,64.64980495233202
14-Oct-2025,Call,24050,1350.0,,1318.8,103.46053415557263
14-Oct-2025,Call,24100,9450.0,-825.0,1155.75,59.80136388163659
14-Oct-2025,Call,24150,5025.0,-300.0,1107.0,58.38793314573187
14-Oct-2025,Call,24200,14625.0,-13125.0,1056.75,56.12976599524355
14-Oct-2025,Call,24250,2625.0,-525.0,1007.2,54.229089737490945
14-Oct-2025,Call,24300,10275.0,-20100.0,954.7,50.794564621664584
14-Oct-2025,Call,24350,18825.0,-450.0,905.4,49.0209468147099
14-Oct-2025,Call,24400,14175.0,-17100.0,856.3,47.30545004404504
14-Oct-2025,Call,24450,13125.0,-1125.0,805.6,44.79392874499689
14-Oct-2025,Call,24500,155625.0,-69675.0,757.85,43.61933191029522
14-Oct-2025,Call,24550,18225.0,-1425.0,706.85,40.94772094930149
14-Oct-2025,Call,24600,61125.0,-68400.0,656.2,38.42531062888875
14-Oct-2025,Call,24650,30900.0,-5100.0,608.65,37.14812537348186
14-Oct-2025,Call,24700,136500.0,-62700.0,557.3,34.304242588041724
14-Oct-2025,Call,24750,49350.0,-3825.0,508.8,32.51822049819659
14-Oct-2025,Call,24800,214650.0,-93975.0,457.65,29.716517303724864
14-Oct-2025,Call,24850,64575.0,-27300.0,410.15,28.124085939117887
14-Oct-2025,Call,24900,357075.0,-34950.0,360.25,25.640186730785853
14-Oct-2025,Call,24950,108375.0,-27825.0,310.6,23.16241795207514
14-Oct-2025,Call,25000,2115375.0,-743925.0,261.1,20.633643440121606
14-Oct-2025,Call,25050,695250.0,-350850.0,213.7,18.51486312054703
14-Oct-2025,Call,25100,2182950.0,-341550.0,168.65,16.686801138091734
14-Oct-2025,Call,25150,2033550.0,1009125.0,124.5,14.639829034287388
14-Oct-2025,Call,25200,10610100.0,7356450.0,87.0,13.321422984310887
14-Oct-2025,Call,25250,9036150.0,6336300.0,57.9,12.66504652277129
14-Oct-2025,Call,25300,15348900.0,6728325.0,36.65,12.371037823653964
14-Oct-2025,Call,25350,9832650.0,3108750.0,22.5,12.377617150666467
14-Oct-2025,Call,25400,13900725.0,3630675.0,13.05,12.404790343991385
14-Oct-2025,Call,25450,5956350.0,-649725.0,8.0,12.823981810616516
14-Oct-2025,Call,25500,14846850.0,3655725.0,5.0,13.337906924923509
14-Oct-2025,Call,25550,6730575.0,2059125.0,3.2,13.913380341909448
14-Oct-2025,Call,25600,10104375.0,2202075.0,2.15,14.586683587857335
14-Oct-2025,Call,25650,4707000.0,351525.0,1.6,15.460792979247124
14-Oct-2025,Call,25700,8124225.0,1755075.0,1.25,16.393292559096963
14-Oct-2025,Call,25750,2938050.0,66825.0,1.0,17.32920450417772
14-Oct-2025,Call,25800,9519450.0,3160875.0,1.1,18.99008387337774
14-Oct-2025,Call,25850,1993725.0,91875.0,0.95,20.024164648769798
14-Oct-2025,Call,25900,3947850.0,799650.0,0.95,21.408728115925197
14-Oct-2025,Call,25950,1921050.0,306825.0,0.8,22.30376618402601
14-Oct-2025,Call,26000,13255575.0,724425.0,0.8,23.640608692002296
14-Oct-2025,Call,26050,1531875.0,-196200.0,0.75,24.77756706370115
14-Oct-2025,Call,26100,3391200.0,-1251825.0,0.65,25.661608077040317
14-Oct-2025,Call,26150,840525.0,-866175.0,0.75,27.383168687775733
14-Oct-2025,Call,26200,3641250.0,-1262925.0,0.7,28.449361459118126
14-Oct-2025,Call,26250,1237875.0,-114075.0,0.75,29.952240122489627
14-Oct-2025,Call,26300,3130725.0,114675.0,0.75,31.224165734708308
14-Oct-2025,Call,26350,798675.0,30750.0,0.55,31.41653223666697
14-Oct-2025,Call,26400,1983300.0,-985950.0,0.6,32.940138411113615
14-Oct-2025,Call,26450,487875.0,18750.0,0.6,34.1651253749594
14-Oct-2025,Call,26500,5401350.0,-3060075.0,0.55,35.06444752604663
14-Oct-2025,Call,26550,515175.0,16275.0,0.6,36.595079596591
14-Oct-2025,Call,26600,1378200.0,6900.0,0.6,37.800493889123196
14-Oct-2025,Call,26650,247950.0,65475.0,0.55,38.65441221113355
14-Oct-2025,Call,26700,499950.0,270825.0,0.5,39.4603190013796
14-Oct-2025,Call,26750,128925.0,35775.0,0.55,41.018190389138454
14-Oct-2025,Call,26800,252375.0,28575.0,0.6,42.56281464724542
14-Oct-2025,Call,26850,154500.0,93825.0,0.45,42.515786591923245
14-Oct-2025,Call,26900,219900.0,134175.0,0.45,43.66001672883034
14-Oct-2025,Call,26950,111975.0,49350.0,0.45,44.79929968121052
14-Oct-2025,Call,27000,3028650.0,-1498425.0,0.45,45.9337546583295
14-Oct-2025,Call,27050,191100.0,6750.0,0.4,46.545268389099846
14-Oct-2025,Call,27100,473550.0,-136725.0,0.4,47.660053837376836
14-Oct-2025,Call,27150,1648875.0,367500.0,0.45,49.309075609928364
14-Oct-2025,Put,22850,5232225.0,-695250.0,0.7,68.16506081807016
14-Oct-2025,Put,22900,3775125.0,-40950.0,0.65,66.32123620419203
14-Oct-2025,Put,22950,197700.0,8475.0,0.65,64.96521590559485
14-Oct-2025,Put,23000,3612525.0,-724350.0,0.8,64.9273222602576
14-Oct-2025,Put,23050,160650.0,44100.0,0.75,63.139630309370155
14-Oct-2025,Put,23100,1031100.0,-304875.0,0.85,62.555147279599325
14-Oct-2025,Put,23150,193050.0,-10575.0,0.8,60.79408369843959
14-Oct-2025,Put,23200,1211625.0,-337125.0,0.9,60.140496547453104
14-Oct-2025,Put,23250,143025.0,11625.0,0.9,58.749853407746556
14-Oct-2025,Put,23300,483150.0,-135525.0,0.95,57.68588090897797
14-Oct-2025,Put,23350,116625.0,14550.0,1.0,56.596688199932885
14-Oct-2025,Put,23400,367950.0,-124875.0,0.95,54.89173493002652
14-Oct-2025,Put,23450,112725.0,30075.0,0.9,53.187675729613005
14-Oct-2025,Put,23500,3712275.0,-353025.0,1.05,52.664130986356724
14-Oct-2025,Put,23550,161850.0,34425.0,1.0,50.98123888118564
14-Oct-2025,Put,23600,460800.0,-210075.0,1.05,49.842417864710086
14-Oct-2025,Put,23650,334800.0,74700.0,1.05,48.43053312397003
14-Oct-2025,Put,23700,1129050.0,-379650.0,1.05,47.01776921489538
14-Oct-2025,Put,23750,298575.0,-291300.0,1.1,45.84310346233696
14-Oct-2025,Put,23800,2165175.0,-510900.0,1.15,44.64763569291234
14-Oct-2025,Put,23850,364050.0,-48450.0,1.15,43.219277721767135
14-Oct-2025,Put,23900,1395975.0,-620025.0,1.2,41.996540832811604
14-Oct-2025,Put,23950,432825.0,-45000.0,0.85,38.99486642341911
14-Oct-2025,Put,24000,7810950.0,-1794975.0,1.35,39.67373338931501
14-Oct-2025,Put,24050,531450.0,103800.0,1.45,38.55096464552506
14-Oct-2025,Put,24100,2589825.0,-921750.0,1.4,36.91853158735484
14-Oct-2025,Put,24150,1277400.0,141000.0,1.4,35.44878564927131
14-Oct-2025,Put,24200,4975350.0,-354075.0,1.35,33.82134075381309
14-Oct-2025,Put,24250,1323075.0,-8850.0,1.5,32.785516542910045
14-Oct-2025,Put,24300,6735600.0,1276125.0,1.8,32.05479727172032
14-Oct-2025,Put,24350,1423800.0,-63375.0,1.8,30.529414134156706
14-Oct-2025,Put,24400,5356800.0,721425.0,2.0,29.42448952732757
14-Oct-2025,Put,24450,1690650.0,-78225.0,2.05,27.967152528746418
14-Oct-2025,Put,24500,11390850.0,-1109775.0,2.4,27.017401132974772
14-Oct-2025,Put,24550,1628025.0,-1549725.0,2.5,25.571761543591307
14-Oct-2025,Put,24600,5700000.0,-212400.0,2.6,24.097094498007742
14-Oct-2025,Put,24650,3885900.0,-188175.0,2.8,22.72519329004437
14-Oct-2025,Put,24700,7678650.0,-557250.0,3.2,21.532515762495258
14-Oct-2025,Put,24750,3591750.0,4650.0,3.65,20.28557380466648
14-Oct-2025,Put,24800,6441825.0,-140925.0,4.2,19.017030755362292
14-Oct-2025,Put,24850,4277925.0,-709050.0,5.0,17.809630883498116
14-Oct-2025,Put,24900,7497900.0,169575.0,5.95,16.528537333688515
14-Oct-2025,Put,24950,4890000.0,376500.0,7.15,15.196777051985451
14-Oct-2025,Put,25000,13346550.0,112425.0,8.7,13.805393510980156
14-Oct-2025,Put,25050,5424825.0,-94200.0,11.0,12.426259653348845
14-Oct-2025,Put,25100,11607075.0,-646725.0,14.9,11.157148497387768
14-Oct-2025,Put,25150,10030650.0,1663125.0,21.9,10.071306453465345
14-Oct-2025,Put,25200,15983775.0,2191125.0,33.1,8.962391828693912
14-Oct-2025,Put,25250,5402925.0,-3242625.0,54.1,8.39423441472966
14-Oct-2025,Put,25300,4074675.0,-6077775.0,81.95,7.273036811808872
14-Oct-2025,Put,25350,1825650.0,-2386125.0,118.0,0.0
14-Oct-2025,Put,25400,1181400.0,-2233200.0,158.15,0.0
14-Oct-2025,Put,25450,223500.0,-502200.0,204.3,0.0
14-Oct-2025,Put,25500,660600.0,-563550.0,250.05,0.0
14-Oct-2025,Put,25550,100500.0,-26100.0,298.05,0.0
14-Oct-2025,Put,25600,109800.0,-166425.0,346.55,0.0
14-Oct-2025,Put,25650,36000.0,-375.0,396.75,0.0
14-Oct-2025,Put,25700,127125.0,-23925.0,445.85,0.0
14-Oct-2025,Put,25750,15075.0,-2850.0,494.9,0.0
14-Oct-2025,Put,25800,35325.0,-15600.0,545.0,0.0
14-Oct-2025,Put,25850,6150.0,1200.0,598.4,0.0
14-Oct-2025,Put,25900,8850.0,75.0,644.6,0.0
14-Oct-2025,Put,25950,3450.0,-225.0,697.2,0.0
14-Oct-2025,Put,26000,119700.0,-43650.0,744.6,0.0
14-Oct-2025,Put,26050,1050.0,150.0,839.95,43.639959769874814
14-Oct-2025,Put,26100,4200.0,-900.0,844.85,0.0
14-Oct-2025,Put,26150,750.0,-75.0,903.8,0.0
14-Oct-2025,Put,26200,4275.0,225.0,944.2,0.0
14-Oct-2025,Put,26250,525.0,,1023.6,39.0183245717369
14-Oct-2025,Put,26300,900.0,-75.0,1046.6,0.0
14-Oct-2025,Put,26350,600.0,,1384.6,127.27529233511308
14-Oct-2025,Put,26400,600.0,,1437.7,130.81469878736473
14-Oct-2025,Put,26450,675.0,,1280.0,76.86784944213518
14-Oct-2025,Put,26500,2625.0,375.0,1244.5,0.0
14-Oct-2025,Put,26650,75.0,,1570.0,114.30333724966664
14-Oct-2025,Put,26950,150.0,150.0,1746.65,80.89590072812327
14-Oct-2025,Put,27000,1500.0,825.0,1742.35,0.0
14-Oct-2025,Put,27100,8175.0,-300.0,1843.85,0.0
20-Oct-2025,Call,22850,375.0,150.0,2403.0,0.0
20-Oct-2025,Call,23000,10425.0,10425.0,2278.95,40.04211982267201
20-Oct-2025,Call,23100,75.0,75.0,2193.5,42.38329946292359
20-Oct-2025,Call,23150,75.0,75.0,2143.75,41.61877272337554
20-Oct-2025,Call,23200,375.0,375.0,2095.0,41.08164883403592
20-Oct-2025,Call,23250,75.0,75.0,2043.0,39.79638621955487
20-Oct-2025,Call,23350,75.0,75.0,1947.6,39.15410578802415
20-Oct-2025,Call,23400,75.0,75.0,1898.0,38.39877026912673
20-Oct-2025,Call,23450,75.0,75.0,1844.15,36.745847187090384
20-Oct-2025,Call,23500,675.0,675.0,1785.85,34.04606838046097
20-Oct-2025,Call,23600,300.0,300.0,1680.95,31.247096288893093
20-Oct-2025,Call,23650,375.0,225.0,1600.0,0.0
20-Oct-2025,Call,23700,975.0,675.0,1581.0,29.68081785393459
20-Oct-2025,Call,23750,150.0,,1543.3,31.568741979884727
20-Oct-2025,Call,23800,2850.0,1875.0,1485.5,29.119937793112932
20-Oct-2025,Call,23850,225.0,-75.0,1442.55,29.745441383139887
20-Oct-2025,Call,23900,4500.0,3150.0,1380.0,26.274654764461893
20-Oct-2025,Call,23950,225.0,,1335.0,26.571980368265326
20-Oct-2025,Call,24000,38250.0,25200.0,1287.55,26.2667394554833
20-Oct-2025,Call,24050,300.0,,1200.0,0.0
20-Oct-2025,Call,24100,2550.0,1425.0,1189.0,24.875575240900467
20-Oct-2025,Call,24150,225.0,75.0,1130.0,22.281124339781616
20-Oct-2025,Call,24200,5025.0,3825.0,1090.0,23.365010606688497
20-Oct-2025,Call,24250,975.0,-75.0,1015.1,16.969158994130794
20-Oct-2025,Call,24300,13800.0,4275.0,991.0,21.820651076970435
20-Oct-2025,Call,24350,450.0,,939.55,20.7178931916778
20-Oct-2025,Call,24400,29325.0,6300.0,893.0,20.393833745886155
20-Oct-2025,Call,24450,525.0,,848.4,20.295805312424903
20-Oct-2025,Call,24500,121725.0,55050.0,797.7,19.285661152227647
20-Oct-2025,Call,24550,2475.0,750.0,752.95,19.063008279030395
20-Oct-2025,Call,24600,85650.0,61500.0,703.0,18.123059051396144
20-Oct-2025,Call,24650,10200.0,3825.0,656.85,17.631458200399113
20-Oct-2025,Call,24700,131700.0,72075.0,609.0,16.896558688669284
20-Oct-2025,Call,24750,24975.0,7875.0,561.7,16.19013563953156
20-Oct-2025,Call,24800,180225.0,90300.0,515.6,15.569862472452872
20-Oct-2025,Call,24850,28275.0,12300.0,471.4,15.08419577488382
20-Oct-2025,Call,24900,243750.0,144300.0,421.0,13.945623421485953
20-Oct-2025,Call,24950,41250.0,3300.0,378.35,13.48396900905576
20-Oct-2025,Call,25000,815325.0,453750.0,338.95,13.20555344068659
20-Oct-2025,Call,25050,61425.0,13650.0,298.0,12.683599163239032
20-Oct-2025,Call,25100,646125.0,296850.0,251.0,11.585976356765164
20-Oct-2025,Call,25150,265350.0,148875.0,221.05,11.677556430424772
20-Oct-2025,Call,25200,2197200.0,1458750.0,191.95,11.65302842551337
20-Oct-2025,Call,25250,839550.0,612225.0,161.8,11.37990463095482
20-Oct-2025,Call,25300,2764350.0,1841550.0,133.7,11.075851387048536
20-Oct-2025,Call,25350,606525.0,341025.0,109.0,10.826341271646623
20-Oct-2025,Call,25400,2036175.0,945825.0,89.55,10.769265528322434
20-Oct-2025,Call,25450,594450.0,308475.0,70.0,10.4986664323434
20-Oct-2025,Call,25500,3991950.0,2058300.0,57.5,10.605358143076394
20-Oct-2025,Call,25550,603975.0,223725.0,43.55,10.381777439949754
20-Oct-2025,Call,25600,1850175.0,579825.0,34.95,10.479125076745124
20-Oct-2025,Call,25650,706725.0,469575.0,26.55,10.411611654168787
20-Oct-2025,Call,25700,1449450.0,718875.0,21.5,10.59125722362497
20-Oct-2025,Call,25750,765225.0,258150.0,15.9,10.520855537491759
20-Oct-2025,Call,25800,1893225.0,933675.0,12.5,10.648030403588251
20-Oct-2025,Call,25850,367275.0,150150.0,10.1,10.84791640251046
20-Oct-2025,Call,25900,1354875.0,713850.0,7.75,10.931495136285854
20-Oct-2025,Call,25950,425250.0,239325.0,6.3,11.145248059909418
20-Oct-2025,Call,26000,3155550.0,1639125.0,5.6,11.53542743715383
20-Oct-2025,Call,26050,319875.0,43275.0,4.55,11.731619811483846
20-Oct-2025,Call,26100,1696050.0,1282950.0,4.05,12.099760375730323
20-Oct-2025,Call,26150,170100.0,35025.0,3.1,12.171639837663248
20-Oct-2025,Call,26200,932550.0,533100.0,2.75,12.513295455829795
20-Oct-2025,Call,26250,300450.0,156450.0,2.2,12.661671876097092
20-Oct-2025,Call,26300,1090200.0,761700.0,2.0,13.028115570951995
20-Oct-2025,Call,26350,121650.0,64800.0,2.2,13.728584559645693
20-Oct-2025,Call,26400,673425.0,480075.0,1.7,13.78381104595251
20-Oct-2025,Call,26450,49875.0,23550.0,1.6,14.186047322836515
20-Oct-2025,Call,26500,2127225.0,754875.0,1.55,14.633141673877837
20-Oct-2025,Call,26550,34275.0,10125.0,1.3,14.815200299642234
20-Oct-2025,Call,26600,42525.0,20325.0,1.35,15.372926437195765
20-Oct-2025,Call,26650,21600.0,-2850.0,1.8,16.424063450808074
20-Oct-2025,Call,26700,60225.0,26775.0,1.5,16.552049498704818
20-Oct-2025,Call,26750,20325.0,11250.0,1.3,16.75585263959244
20-Oct-2025,Call,26800,28500.0,8400.0,1.4,17.383612358105186
20-Oct-2025,Call,26850,25575.0,11475.0,1.6,18.145963062892857
20-Oct-2025,Call,26900,16650.0,14025.0,1.35,18.26411434636861
20-Oct-2025,Call,26950,6975.0,4500.0,1.4,18.81593589997999
20-Oct-2025,Call,27000,976575.0,892200.0,1.05,18.679092976170036
20-Oct-2025,Call,27050,38700.0,34200.0,1.05,19.137873560540378
20-Oct-2025,Call,27100,65175.0,36825.0,1.0,19.49206291540936
20-Oct-2025,Call,27150,71925.0,36750.0,0.95,19.83653671512306
20-Oct-2025,Put,22850,417375.0,288900.0,2.6,29.95819686048552
20-Oct-2025,Put,22900,73200.0,58050.0,3.0,29.898037159487608
20-Oct-2025,Put,22950,20250.0,5400.0,3.25,29.60610856892467
20-Oct-2025,Put,23000,733725.0,500775.0,3.0,28.722494101239377
20-Oct-2025,Put,23050,16950.0,1050.0,3.0,28.13483526212425
20-Oct-2025,Put,23100,24975.0,15825.0,3.45,28.04349302491956
20-Oct-2025,Put,23150,14550.0,1725.0,3.35,27.342939285888512
20-Oct-2025,Put,23200,86625.0,49350.0,2.9,26.25872728897632
20-Oct-2025,Put,23250,3600.0,1275.0,3.7,26.498634073570738
20-Oct-2025,Put,23300,60675.0,47325.0,3.05,25.249784767490635
20-Oct-2025,Put,23350,5625.0,5625.0,3.2,24.81509004272781
20-Oct-2025,Put,23400,90525.0,46125.0,4.0,24.95852486640252
20-Oct-2025,Put,23450,20550.0,14850.0,4.15,24.476025363445654
20-Oct-2025,Put,23500,776250.0,398475.0,4.1,23.82619144168422
20-Oct-2025,Put,23550,14700.0,9225.0,4.15,23.256410267135873
20-Oct-2025,Put,23600,119625.0,71175.0,4.8,23.122571789350733
20-Oct-2025,Put,23650,31125.0,15225.0,4.05,21.958595755165817
20-Oct-2025,Put,23700,459825.0,81300.0,5.35,22.2354667253539
20-Oct-2025,Put,23750,31800.0,9450.0,5.1,21.44960758083947
20-Oct-2025,Put,23800,471300.0,278025.0,5.85,21.26396243255753
20-Oct-2025,Put,23850,38100.0,22725.0,5.6,20.484735234770557
20-Oct-2025,Put,23900,363750.0,225375.0,5.9,20.011084225825407
20-Oct-2025,Put,23950,45150.0,30075.0,7.1,19.960771396439526
20-Oct-2025,Put,24000,2841900.0,2034225.0,6.95,19.233373220886662
20-Oct-2025,Put,24050,49050.0,36675.0,6.65,18.43806487942003
20-Oct-2025,Put,24100,634500.0,492225.0,6.15,17.55102500799038
20-Oct-2025,Put,24150,74025.0,48450.0,6.6,17.10023703235686
20-Oct-2025,Put,24200,962700.0,707550.0,6.75,16.503205364725364
20-Oct-2025,Put,24250,152325.0,93375.0,7.25,16.03812391873663
20-Oct-2025,Put,24300,1116075.0,563775.0,6.85,15.210111725941857
20-Oct-2025,Put,24350,264450.0,205275.0,7.35,14.724167727131675
20-Oct-2025,Put,24400,1023900.0,531000.0,11.45,15.30703677520352
20-Oct-2025,Put,24450,284850.0,-81600.0,13.95,15.207511473833588
20-Oct-2025,Put,24500,2271075.0,1036350.0,11.75,13.922322433821204
20-Oct-2025,Put,24550,241950.0,10875.0,11.3,13.070624850045887
20-Oct-2025,Put,24600,969975.0,348600.0,15.5,13.250428278646892
20-Oct-2025,Put,24650,306150.0,137025.0,16.15,12.59012256795084
20-Oct-2025,Put,24700,1156650.0,131550.0,20.05,12.472125883991552
20-Oct-2025,Put,24750,456375.0,82950.0,21.05,11.791680792308599
20-Oct-2025,Put,24800,1745025.0,841725.0,25.1,11.517880857696104
20-Oct-2025,Put,24850,397500.0,119850.0,30.25,11.279777113245522
20-Oct-2025,Put,24900,1171725.0,483675.0,34.55,10.829856198755557
20-Oct-2025,Put,24950,524325.0,-131775.0,42.2,10.636491784857771
20-Oct-2025,Put,25000,2537850.0,1144950.0,48.55,10.179871402767207
20-Oct-2025,Put,25050,545550.0,114525.0,58.0,9.879340769379564
20-Oct-2025,Put,25100,1218450.0,-186975.0,67.0,9.39269304008968
20-Oct-2025,Put,25150,622125.0,163575.0,83.45,9.326941679472103
20-Oct-2025,Put,25200,2581125.0,1369575.0,100.0,9.062692688782745
20-Oct-2025,Put,25250,881400.0,509700.0,119.6,8.809619217507704
20-Oct-2025,Put,25300,2002050.0,776475.0,143.1,8.60735857932579
20-Oct-2025,Put,25350,186300.0,5475.0,169.9,8.3984285086903
20-Oct-2025,Put,25400,586650.0,-137175.0,198.0,8.010842631466849
20-Oct-2025,Put,25450,66300.0,14475.0,231.55,7.7579568216530586
20-Oct-2025,Put,25500,591300.0,125100.0,267.2,0.0
20-Oct-2025,Put,25550,38700.0,-8025.0,303.3,0.0
20-Oct-2025,Put,25600,176775.0,28575.0,344.65,0.0
20-Oct-2025,Put,25650,9000.0,,385.6,0.0
20-Oct-2025,Put,25700,88650.0,-26025.0,428.4,0.0
20-Oct-2025,Put,25750,2250.0,-600.0,475.15,0.0
20-Oct-2025,Put,25800,13050.0,2175.0,520.4,0.0
20-Oct-2025,Put,25850,2025.0,375.0,572.1,0.0
20-Oct-2025,Put,25900,21150.0,1350.0,615.25,0.0
20-Oct-2025,Put,25950,1200.0,375.0,667.7,0.0
20-Oct-2025,Put,26000,74925.0,22875.0,712.45,0.0
20-Oct-2025,Put,26050,975.0,75.0,761.65,0.0
20-Oct-2025,Put,26100,3825.0,825.0,817.0,0.0
20-Oct-2025,Put,26150,75.0,75.0,859.55,0.0
20-Oct-2025,Put,26200,1125.0,525.0,910.0,0.0
20-Oct-2025,Put,26250,75.0,75.0,953.5,0.0
20-Oct-2025,Put,26300,3825.0,900.0,1015.0,0.0
20-Oct-2025,Put,26350,75.0,75.0,1057.55,0.0
20-Oct-2025,Put,26400,1725.0,300.0,1114.0,0.0
20-Oct-2025,Put,26450,75.0,75.0,1158.15,0.0
20-Oct-2025,Put,26500,2775.0,1425.0,1202.45,0.0
20-Oct-2025,Put,26550,300.0,75.0,1267.35,0.0
20-Oct-2025,Put,26600,150.0,75.0,1322.95,0.0
20-Oct-2025,Put,26650,75.0,75.0,1353.55,0.0
20-Oct-2025,Put,26700,75.0,75.0,1405.45,0.0
20-Oct-2025,Put,26750,225.0,75.0,1465.8,0.0
20-Oct-2025,Put,26800,75.0,75.0,1505.2,0.0
20-Oct-2025,Put,26850,75.0,75.0,1554.95,0.0
20-Oct-2025,Put,26900,75.0,75.0,1604.85,0.0
20-Oct-2025,Put,26950,75.0,75.0,1649.2,0.0
20-Oct-2025,Put,27000,75.0,75.0,1704.45,0.0
20-Oct-2025,Put,27050,75.0,75.0,1754.25,0.0
20-Oct-2025,Put,27100,75.0,75.0,1804.15,0.0
20-Oct-2025,Put,27150,1500.0,675.0,1854.75,0.0
24-Dec-2029,Put,23000,2550.0,,670.0,17.434528116874134
24-Dec-2029,Put,25000,225.0,,1150.0,18.066237486324408
24-Dec-2029,Put,26000,150.0,,1499.95,18.727643823632672
25-Nov-2025,Call,23000,30750.0,2625.0,2436.0,19.32694259916779
25-Nov-2025,Call,23050,75.0,,1880.0,0.0
25-Nov-2025,Call,23200,525.0,,2050.0,0.0
25-Nov-2025,Call,23250,75.0,,1830.0,0.0
25-Nov-2025,Call,23300,225.0,,2300.0,26.87996158075977
25-Nov-2025,Call,23450,2250.0,,1970.0,14.511316090749435
25-Nov-2025,Call,23500,17625.0,150.0,1961.0,17.610598557960127
25-Nov-2025,Call,23650,75.0,,1310.0,0.0
25-Nov-2025,Call,23700,225.0,,1248.2,0.0
25-Nov-2025,Call,23750,75.0,,1720.0,16.275564794477308
25-Nov-2025,Call,23800,525.0,,1620.0,12.087898471715791
25-Nov-2025,Call,23850,375.0,,1318.9,0.0
25-Nov-2025,Call,23900,150.0,,1660.0,19.672688294225736
25-Nov-2025,Call,23950,75.0,,1256.9,0.0
25-Nov-2025,Call,24000,49500.0,1800.0,1489.4,15.401437940792736
25-Nov-2025,Call,24050,150.0,,1449.6,15.52017019481588
25-Nov-2025,Call,24100,375.0,,1389.55,14.594355821692567
25-Nov-2025,Call,24150,150.0,-75.0,1357.2,15.058780568982217
25-Nov-2025,Call,24200,5850.0,,1297.75,14.181238439684263
25-Nov-2025,Call,24250,225.0,,1350.0,18.13874286966187
25-Nov-2025,Call,24300,7650.0,825.0,1191.3,13.033910491682912
25-Nov-2025,Call,24350,300.0,,900.95,0.0
25-Nov-2025,Call,24400,4950.0,300.0,1125.9,13.743605625616809
25-Nov-2025,Call,24450,300.0,,1086.65,13.745352844624998
25-Nov-2025,Call,24500,110550.0,1575.0,1032.75,13.132630664848119
25-Nov-2025,Call,24550,1575.0,,1001.95,13.435695833908007
25-Nov-2025,Call,24600,33675.0,-750.0,942.8,12.613201668056561
25-Nov-2025,Call,24650,2700.0,150.0,882.25,11.737917762719773
25-Nov-2025,Call,24700,55725.0,-75.0,869.0,12.639501339188852
25-Nov-2025,Call,24750,4050.0,525.0,788.0,11.017150020495478
25-Nov-2025,Call,24800,82200.0,-1050.0,796.45,12.601644830331866
25-Nov-2025,Call,24850,1350.0,-75.0,765.8,12.73210749728984
25-Nov-2025,Call,24900,39375.0,600.0,715.0,12.171769873551721
25-Nov-2025,Call,24950,7500.0,375.0,686.2,12.31316690563307
25-Nov-2025,Call,25000,761475.0,-21525.0,643.0,11.968581114402168
25-Nov-2025,Call,25050,5175.0,,603.0,11.707495418412496
25-Nov-2025,Call,25100,72450.0,,566.4,11.53058182497489
25-Nov-2025,Call,25150,11550.0,975.0,534.55,11.473288559665367
25-Nov-2025,Call,25200,282675.0,16725.0,497.5,11.234136029790204
25-Nov-2025,Call,25250,8400.0,825.0,469.0,11.22252534998993
25-Nov-2025,Call,25300,294825.0,-19200.0,439.0,11.137923151117388
25-Nov-2025,Call,25350,12525.0,2550.0,409.7,11.045154360844345
25-Nov-2025,Call,25400,217125.0,68025.0,383.6,11.015981618351638
25-Nov-2025,Call,25450,8550.0,-1950.0,342.05,10.509595558778345
25-Nov-2025,Call,25500,1203375.0,58125.0,327.65,10.759026104323707
25-Nov-2025,Call,25550,13050.0,-225.0,301.5,10.636866525703786
25-Nov-2025,Call,25600,138450.0,5850.0,279.0,10.589660180351892
25-Nov-2025,Call,25650,7275.0,600.0,253.95,10.434405711416028
25-Nov-2025,Call,25700,183225.0,-375.0,235.0,10.428352174099393
25-Nov-2025,Call,25750,18750.0,3450.0,216.45,10.40307451287302
25-Nov-2025,Call,25800,336300.0,21375.0,196.65,10.305890148533855
25-Nov-2025,Call,25850,39450.0,825.0,179.95,10.272695723137657
25-Nov-2025,Call,25900,134775.0,15900.0,160.85,10.125757381053269
25-Nov-2025,Call,26000,1668675.0,68925.0,134.5,10.126443416407588
25-Nov-2025,Call,26050,2775.0,2700.0,120.0,10.028598395249192
25-Nov-2025,Call,26100,207150.0,-18675.0,108.5,10.006364470210894
25-Nov-2025,Call,26150,14400.0,-150.0,99.7,10.059148679969566
25-Nov-2025,Call,26200,497550.0,18600.0,89.25,10.01447687028992
25-Nov-2025,Call,26300,296850.0,16500.0,68.9,9.833831933703392
25-Nov-2025,Call,26500,917025.0,55725.0,45.1,9.894969872454972
25-Nov-2025,Call,26600,96150.0,9825.0,37.25,10.002994421940995
25-Nov-2025,Call,26700,87225.0,18975.0,31.8,10.1956617410311
25-Nov-2025,Call,26800,203400.0,44475.0,24.95,10.188425598904212
25-Nov-2025,Call,27000,445125.0,-5250.0,18.1,10.553362414134758
25-Nov-2025,Call,27150,47025.0,600.0,13.5,10.711907710729863
25-Nov-2025,Put,22700,167025.0,600.0,19.6,17.96215145556299
25-Nov-2025,Put,22750,4800.0,,18.0,17.406162001433135
25-Nov-2025,Put,22800,23550.0,3450.0,18.5,17.19962962028645
25-Nov-2025,Put,22850,1800.0,-150.0,17.15,16.685514516212233
25-Nov-2025,Put,22900,12750.0,-75.0,19.5,16.776497495805614
25-Nov-2025,Put,22950,525.0,,22.5,16.924550747204155
25-Nov-2025,Put,23000,654900.0,90450.0,19.55,16.199065973498158
25-Nov-2025,Put,23050,450.0,-75.0,20.45,16.03865011588605
25-Nov-2025,Put,23100,11550.0,75.0,30.75,17.050764954257055
25-Nov-2025,Put,23150,675.0,,20.5,15.456296089094973
25-Nov-2025,Put,23200,60600.0,600.0,24.5,15.689541357476127
25-Nov-2025,Put,23250,1125.0,,55.2,18.3892664966529
25-Nov-2025,Put,23300,29100.0,-1050.0,26.6,15.335023012973458
25-Nov-2025,Put,23350,75.0,,27.1,15.08563210683726
25-Nov-2025,Put,23400,57225.0,6450.0,28.6,14.943937226214585
25-Nov-2025,Put,23450,2850.0,,24.9,14.220298100651712
25-Nov-2025,Put,23500,670125.0,-82275.0,28.95,14.359257454589189
25-Nov-2025,Put,23550,1125.0,225.0,35.0,14.643747806066973
25-Nov-2025,Put,23600,67800.0,-1125.0,35.0,14.322205724691036
25-Nov-2025,Put,23650,2325.0,-3000.0,38.7,14.32891031456478
25-Nov-2025,Put,23700,142350.0,8925.0,37.0,13.854364188389129
25-Nov-2025,Put,23750,2850.0,2850.0,40.55,13.826312641636699
25-Nov-2025,Put,23800,342825.0,19050.0,43.1,13.697764540678584
25-Nov-2025,Put,23850,2700.0,2475.0,41.55,13.24117535788803
25-Nov-2025,Put,23900,265800.0,-15000.0,48.3,13.410015259333372
25-Nov-2025,Put,23950,4725.0,225.0,50.0,13.185595667565428
25-Nov-2025,Put,24000,1410750.0,104250.0,51.3,12.92720876923425
25-Nov-2025,Put,24050,3375.0,3375.0,54.6,12.794583571690527
25-Nov-2025,Put,24100,225675.0,-12600.0,59.0,12.715941894311078
25-Nov-2025,Put,24150,12450.0,600.0,61.0,12.475412171454145
25-Nov-2025,Put,24200,390600.0,2925.0,72.55,12.766560313855646
25-Nov-2025,Put,24250,4125.0,,186.25,17.521120187892773
25-Nov-2025,Put,24300,414900.0,15150.0,72.2,11.989863518997819
25-Nov-2025,Put,24350,16950.0,-600.0,77.45,11.87848714023612
25-Nov-2025,Put,24400,414300.0,11175.0,81.8,11.704530437173883
25-Nov-2025,Put,24450,22500.0,1500.0,87.0,11.556357976509632
25-Nov-2025,Put,24500,1421700.0,117225.0,92.65,11.411826113269093
25-Nov-2025,Put,24550,24825.0,2550.0,100.2,11.332436292973554
25-Nov-2025,Put,24600,358350.0,5175.0,106.7,11.186070946988606
25-Nov-2025,Put,24650,21525.0,2625.0,116.65,11.159965747612526
25-Nov-2025,Put,24700,297075.0,225.0,122.95,10.964488628876767
25-Nov-2025,Put,24750,21825.0,1200.0,133.05,10.894874375822909
25-Nov-2025,Put,24800,498075.0,14700.0,143.05,10.795917530355766
25-Nov-2025,Put,24850,18750.0,750.0,154.9,10.73754526985169
25-Nov-2025,Put,24900,146550.0,-9600.0,166.45,10.641629890474306
25-Nov-2025,Put,24950,31125.0,4500.0,177.65,10.508400788569391
25-Nov-2025,Put,25000,1591650.0,54150.0,192.0,10.452426450384722
25-Nov-2025,Put,25050,18600.0,1725.0,202.35,10.241198283548329
25-Nov-2025,Put,25100,129225.0,-900.0,219.8,10.226582342816144
25-Nov-2025,Put,25150,20025.0,4350.0,233.3,10.060287163381672
25-Nov-2025,Put,25200,397800.0,34425.0,256.0,10.141876301497302
25-Nov-2025,Put,25250,22875.0,1275.0,263.45,9.73843093532262
25-Nov-2025,Put,25300,225600.0,-4800.0,284.4,9.704987672225784
25-Nov-2025,Put,25350,15000.0,-2550.0,305.2,9.633821952488228
25-Nov-2025,Put,25400,162525.0,25425.0,338.65,9.895510330478462
25-Nov-2025,Put,25450,9300.0,4650.0,336.4,9.089069194012076
25-Nov-2025,Put,25500,711450.0,10500.0,373.0,9.372938062418577
25-Nov-2025,Put,25550,6525.0,-150.0,414.9,9.780262153510144
25-Nov-2025,Put,25600,34125.0,-675.0,421.45,9.113865361563676
25-Nov-2025,Put,25650,6375.0,825.0,443.0,8.843888272524763
25-Nov-2025,Put,25700,54375.0,-2700.0,479.45,8.986458654400135
25-Nov-2025,Put,25750,3300.0,150.0,550.0,10.164113544371608
25-Nov-2025,Put,25800,57375.0,600.0,541.1,0.0
25-Nov-2025,Put,25850,3450.0,-450.0,569.95,0.0
25-Nov-2025,Put,25900,4350.0,-375.0,604.8,0.0
25-Nov-2025,Put,25950,1350.0,600.0,635.75,0.0
25-Nov-2025,Put,26000,331575.0,9750.0,674.0,0.0
25-Nov-2025,Put,26050,75.0,,708.35,0.0
25-Nov-2025,Put,26100,2100.0,150.0,739.2,0.0
25-Nov-2025,Put,26150,375.0,75.0,782.6,0.0
25-Nov-2025,Put,26200,2775.0,,862.9,0.0
25-Nov-2025,Put,26250,150.0,,1269.2,22.21220467860652
25-Nov-2025,Put,26300,600.0,150.0,901.6,0.0
25-Nov-2025,Put,26350,600.0,225.0,941.85,0.0
25-Nov-2025,Put,26400,825.0,150.0,985.6,0.0
25-Nov-2025,Put,26450,750.0,,1000.0,0.0
25-Nov-2025,Put,26500,85425.0,1575.0,1081.1,0.0
25-Nov-2025,Put,26600,150.0,150.0,1164.05,0.0
25-Nov-2025,Put,26700,150.0,150.0,1260.4,0.0
25-Nov-2025,Put,26750,150.0,150.0,1306.7,0.0
25-Nov-2025,Put,26800,300.0,300.0,1352.5,0.0
25-Nov-2025,Put,26850,150.0,150.0,1400.9,0.0
25-Nov-2025,Put,26900,75.0,75.0,1447.1,0.0
25-Nov-2025,Put,26950,225.0,225.0,1495.55,0.0
25-Nov-2025,Put,27000,45750.0,1500.0,1550.0,0.0
25-Nov-2025,Put,27050,75.0,75.0,1591.65,0.0
25-Nov-2025,Put,27100,75.0,75.0,1639.85,0.0
25-Nov-2025,Put,27150,75.0,75.0,1687.45,0.0
26-Dec-2028,Call,28000,1050.0,,2800.0,8.726767220785383
26-Dec-2028,Call,30000,7950.0,,2558.0,12.983123160816119
26-Dec-2028,Put,18000,75.0,,250.0,20.836765871654812
26-Dec-2028,Put,20000,1100.0,,330.0,18.706390792072046
26-Dec-2028,Put,21000,1250.0,,618.05,20.65634085811914
26-Dec-2028,Put,22000,375.0,,447.0,16.84597720187818
26-Dec-2028,Put,23000,3225.0,,643.65,17.21793687185678
26-Dec-2028,Put,24000,1800.0,,888.05,17.600876134302233
26-Dec-2028,Put,25000,4450.0,,1100.0,17.375021301974282
26-Dec-2028,Put,26000,150.0,,1300.0,16.843968776043877
26-Jun-2029,Put,24000,25.0,,694.05,15.97840764361087
26-Jun-2029,Put,26000,50.0,,900.0,14.303321329726277
27-Jun-2028,Put,22000,325.0,,470.05,17.38102345648852
28-Dec-2027,Call,25000,225.0,,4000.0,13.545479753249015
28-Dec-2027,Put,15000,625.0,,3.05,15.60236981475707
28-Dec-2027,Put,17000,14200.0,,95.05,20.330789448413267
28-Dec-2027,Put,18000,11550.0,,116.05,19.16017663626601
28-Dec-2027,Put,19000,675.0,,140.05,17.98619750113841
28-Dec-2027,Put,20000,3950.0,,251.9,18.595818406465913
28-Dec-2027,Put,21000,1025.0,,340.0,18.094210671029
28-Dec-2027,Put,22000,1750.0,,420.05,17.18702370609892
28-Dec-2027,Put,23000,3675.0,,600.0,17.230942279693167
28-Dec-2027,Put,24000,3825.0,,750.05,16.54532772302263
28-Dec-2027,Put,25000,2100.0,,980.0,16.29104137895971
28-Dec-2027,Put,26000,750.0,,1120.0,14.98131433687217
28-Dec-2027,Put,27000,375.0,,1420.0,0.0
28-Oct-2025,Call,22600,8550.0,-225.0,2733.0,36.59459391196547
28-Oct-2025,Call,22700,3075.0,,2572.2,0.0
28-Oct-2025,Call,22800,99675.0,,2625.0,45.19935992333415
28-Oct-2025,Call,23000,1053525.0,-13650.0,2312.0,28.262851112337405
28-Oct-2025,Call,23050,75.0,,2274.85,30.03026910615284
28-Oct-2025,Call,23100,675.0,,2195.15,22.92791004336598
28-Oct-2025,Call,23200,10800.0,-75.0,2120.75,27.6411962120803
28-Oct-2025,Call,23300,4125.0,,2022.3,26.758748691347613
28-Oct-2025,Call,23350,300.0,-75.0,1977.75,27.01991523776212
28-Oct-2025,Call,23400,4725.0,,1922.6,25.665479584208683
28-Oct-2025,Call,23450,75.0,,1574.9,0.0
28-Oct-2025,Call,23500,429750.0,1275.0,1824.2,24.762356706454604
28-Oct-2025,Call,23550,300.0,,1569.3,0.0
28-Oct-2025,Call,23600,6675.0,75.0,1645.0,0.0
28-Oct-2025,Call,23650,675.0,,1483.95,0.0
28-Oct-2025,Call,23700,3375.0,-150.0,1623.15,22.309471232146446
28-Oct-2025,Call,23750,525.0,,1392.2,0.0
28-Oct-2025,Call,23800,23475.0,,1459.8,0.0
28-Oct-2025,Call,23850,525.0,75.0,1463.6,19.190759168024087
28-Oct-2025,Call,23900,4200.0,-75.0,1393.65,14.477550299067982
28-Oct-2025,Call,23950,1950.0,,1384.6,20.824552189711902
28-Oct-2025,Call,24000,576450.0,-21000.0,1329.3,19.600468608582812
28-Oct-2025,Call,24050,1875.0,,1266.5,17.37322019723477
28-Oct-2025,Call,24100,13275.0,-225.0,1231.9,18.701419102124778
28-Oct-2025,Call,24150,1575.0,,1127.5,0.0
28-Oct-2025,Call,24200,27300.0,-900.0,1139.95,18.32845428790664
28-Oct-2025,Call,24250,4275.0,-150.0,1062.2,14.515125897809583
28-Oct-2025,Call,24300,54375.0,-1800.0,1035.35,16.613971378076798
28-Oct-2025,Call,24350,8700.0,,927.05,0.0
28-Oct-2025,Call,24400,43050.0,75.0,943.35,16.11025460488382
28-Oct-2025,Call,24450,11775.0,-675.0,880.0,14.21026682720678
28-Oct-2025,Call,24500,1172100.0,-19875.0,845.2,14.967007245927027
28-Oct-2025,Call,24550,13575.0,-300.0,783.4,13.271669414019211
28-Oct-2025,Call,24600,453300.0,-3600.0,759.0,14.7247013748602
28-Oct-2025,Call,24650,74700.0,-2925.0,692.2,12.717498483267914
28-Oct-2025,Call,24700,1230675.0,-75.0,670.25,14.111972151957747
28-Oct-2025,Call,24750,361500.0,-225.0,624.35,13.649485486558262
28-Oct-2025,Call,24800,1476000.0,-1800.0,580.0,13.259443362950835
28-Oct-2025,Call,24850,56925.0,-2250.0,537.2,12.929490858331599
28-Oct-2025,Call,24900,896325.0,-2700.0,496.7,12.692422511546264
28-Oct-2025,Call,24950,76200.0,-8775.0,454.05,12.278574390709004
28-Oct-2025,Call,25000,3270075.0,67125.0,411.1,11.802907185208378
28-Oct-2025,Call,25050,95550.0,-825.0,374.7,11.631782749944414
28-Oct-2025,Call,25100,1444875.0,218475.0,337.85,11.36768614688085
28-Oct-2025,Call,25150,197325.0,4950.0,300.05,10.986905616972026
28-Oct-2025,Call,25200,2699850.0,863700.0,269.0,10.87254347684092
28-Oct-2025,Call,25250,399600.0,93375.0,240.0,10.775405038337038
28-Oct-2025,Call,25300,2207250.0,701475.0,210.0,10.542497607152255
28-Oct-2025,Call,25350,247800.0,38250.0,183.0,10.366447407776306
28-Oct-2025,Call,25400,1806375.0,408675.0,158.1,10.19930257128541
28-Oct-2025,Call,25450,290775.0,23325.0,135.7,10.058965151251412
28-Oct-2025,Call,25500,4750350.0,453675.0,116.5,9.983345964268057
28-Oct-2025,Call,25550,265950.0,21975.0,97.0,9.786685251192004
28-Oct-2025,Call,25600,2534925.0,1364625.0,81.55,9.706707359015873
28-Oct-2025,Call,25650,307275.0,55725.0,67.65,9.611741812059305
28-Oct-2025,Call,25700,1866000.0,-736050.0,56.5,9.586178642313254
28-Oct-2025,Call,25750,321225.0,-24825.0,46.55,9.540860029234901
28-Oct-2025,Call,25800,2158875.0,-355800.0,39.0,9.578710135250468
28-Oct-2025,Call,25850,219675.0,39300.0,33.55,9.710215534037491
28-Oct-2025,Call,25900,1015500.0,68775.0,28.0,9.75714626617008
28-Oct-2025,Call,25950,264075.0,32625.0,22.9,9.762159341755973
28-Oct-2025,Call,26000,5635500.0,157650.0,20.1,9.955547504374666
28-Oct-2025,Call,26050,176550.0,26025.0,17.5,10.124110337409471
28-Oct-2025,Call,26100,643650.0,8550.0,14.75,10.21482789012217
28-Oct-2025,Call,26150,63825.0,2400.0,12.7,10.354619147783053
28-Oct-2025,Call,26200,886200.0,63750.0,10.7,10.447314130756816
28-Oct-2025,Call,26250,103575.0,3900.0,9.95,10.741959388726578
28-Oct-2025,Call,26300,802275.0,129975.0,8.4,10.833260182084981
28-Oct-2025,Call,26350,52800.0,2775.0,7.6,11.059476527570654
28-Oct-2025,Call,26400,540600.0,57300.0,6.95,11.300345368192255
28-Oct-2025,Call,26450,21375.0,2025.0,6.3,11.51831718223505
28-Oct-2025,Call,26500,2457375.0,9150.0,5.3,11.591928438149115
28-Oct-2025,Call,26550,18375.0,2100.0,4.7,11.761459846467805
28-Oct-2025,Call,26600,147075.0,11625.0,4.1,11.89843175842855
28-Oct-2025,Call,26650,26550.0,300.0,4.6,12.484139477140083
28-Oct-2025,Call,26700,65100.0,11475.0,4.0,12.600084457877832
28-Oct-2025,Call,26750,33375.0,1050.0,3.0,12.458456399636528
28-Oct-2025,Call,26800,420525.0,-30375.0,3.65,13.1645794465499
28-Oct-2025,Call,26850,8100.0,-1200.0,2.7,12.985556000449138
28-Oct-2025,Call,26900,52200.0,1275.0,3.25,13.66657432106212
28-Oct-2025,Call,26950,12600.0,75.0,3.25,14.019772748909887
28-Oct-2025,Call,27000,1536525.0,17700.0,2.8,14.091516237774115
28-Oct-2025,Call,27050,11700.0,4275.0,2.75,14.402356260754912
28-Oct-2025,Call,27100,42600.0,1650.0,2.3,14.415896756959146
28-Oct-2025,Call,27150,107325.0,2700.0,2.1,14.58705239152312
28-Oct-2025,Put,22600,1861500.0,-32925.0,5.4,24.87803626031168
28-Oct-2025,Put,22650,9150.0,-75.0,5.6,24.572409780060873
28-Oct-2025,Put,22700,73725.0,-1200.0,5.1,23.838971047497164
28-Oct-2025,Put,22750,3300.0,-600.0,4.8,23.224870103131977
28-Oct-2025,Put,22800,323325.0,-3150.0,5.8,23.400815528739244
28-Oct-2025,Put,22850,10050.0,,5.25,22.656528752996028
28-Oct-2025,Put,22900,41025.0,-1050.0,5.95,22.62226353968382
28-Oct-2025,Put,22950,6375.0,450.0,6.65,22.547492321735067
28-Oct-2025,Put,23000,2353725.0,-18225.0,6.8,22.183126407128572
28-Oct-2025,Put,23050,29700.0,-600.0,7.3,21.974854781421655
28-Oct-2025,Put,23100,92175.0,-2700.0,6.85,21.33106979857255
28-Oct-2025,Put,23150,31650.0,-2475.0,6.7,20.824661387261937
28-Oct-2025,Put,23200,340725.0,-48600.0,6.2,20.15613489384391
28-Oct-2025,Put,23250,9675.0,-300.0,7.0,20.08163375938777
28-Oct-2025,Put,23300,205950.0,,8.2,20.12575795150306
28-Oct-2025,Put,23350,50250.0,300.0,9.45,20.128361928900894
28-Oct-2025,Put,23400,328425.0,-10575.0,8.0,19.15430581276044
28-Oct-2025,Put,23450,43800.0,300.0,10.15,19.443707725683787
28-Oct-2025,Put,23500,1751925.0,-138675.0,9.0,18.608647750715168
28-Oct-2025,Put,23550,27975.0,-2700.0,8.5,17.985155817047044
28-Oct-2025,Put,23600,184050.0,3450.0,9.25,17.77887489294521
28-Oct-2025,Put,23650,24675.0,-75.0,10.45,17.683621101709456
28-Oct-2025,Put,23700,257475.0,19350.0,12.0,17.642644779266792
28-Oct-2025,Put,23750,46950.0,8625.0,12.4,17.270217338066733
28-Oct-2025,Put,23800,612900.0,82575.0,12.6,16.842021380929832
28-Oct-2025,Put,23850,42075.0,-1200.0,11.3,16.039936737765558
28-Oct-2025,Put,23900,380025.0,57825.0,14.45,16.300262765724582
28-Oct-2025,Put,23950,97125.0,24600.0,14.5,15.819996573854981
28-Oct-2025,Put,24000,3516150.0,113100.0,15.0,15.430456549430172
28-Oct-2025,Put,24050,102300.0,-13800.0,15.75,15.081649306643474
28-Oct-2025,Put,24100,319650.0,21525.0,15.3,14.494202343371695
28-Oct-2025,Put,24150,76875.0,6900.0,17.65,14.417806899177654
28-Oct-2025,Put,24200,808350.0,28725.0,17.6,13.89564656665167
28-Oct-2025,Put,24250,102975.0,9825.0,20.35,13.81877149142763
28-Oct-2025,Put,24300,1143675.0,111450.0,20.3,13.281714424469367
28-Oct-2025,Put,24350,142500.0,9375.0,22.95,13.124876940303903
28-Oct-2025,Put,24400,868200.0,65700.0,24.6,12.796350406676527
28-Oct-2025,Put,24450,116625.0,5400.0,28.05,12.661934276180013
28-Oct-2025,Put,24500,3293325.0,269100.0,30.5,12.367311369947576
28-Oct-2025,Put,24550,150375.0,32700.0,33.2,12.068733137531812
28-Oct-2025,Put,24600,1839225.0,-111600.0,37.3,11.874191066473955
28-Oct-2025,Put,24650,147300.0,-4725.0,39.9,11.497137979801558
28-Oct-2025,Put,24700,2204325.0,-10800.0,45.0,11.30526158624976
28-Oct-2025,Put,24750,294525.0,-18675.0,50.95,11.127495891034467
28-Oct-2025,Put,24800,3213225.0,44250.0,57.0,10.899988965549134
28-Oct-2025,Put,24850,184650.0,-2550.0,62.2,10.559929168295023
28-Oct-2025,Put,24900,1901700.0,305625.0,71.7,10.454570296315058
28-Oct-2025,Put,24950,167775.0,-30825.0,81.85,10.313832815107611
28-Oct-2025,Put,25000,5267625.0,-226800.0,91.8,10.087712512243236
28-Oct-2025,Put,25050,212550.0,-60300.0,102.45,9.830700653210805
28-Oct-2025,Put,25100,1612500.0,-288750.0,116.2,9.66589227176169
28-Oct-2025,Put,25150,308550.0,-16725.0,128.55,9.345013874002756
28-Oct-2025,Put,25200,2507775.0,497775.0,148.75,9.335156175767953
28-Oct-2025,Put,25250,352725.0,-600.0,165.75,9.067173164377804
28-Oct-2025,Put,25300,1501125.0,213075.0,186.0,8.85909478806646
28-Oct-2025,Put,25350,108750.0,5100.0,208.8,8.66829383904261
28-Oct-2025,Put,25400,978000.0,85050.0,236.0,8.582510374135746
28-Oct-2025,Put,25450,89100.0,22575.0,261.1,8.267984817425997
28-Oct-2025,Put,25500,2144325.0,-68775.0,288.3,7.919288110965267
28-Oct-2025,Put,25550,33000.0,-3000.0,324.1,7.910769828947867
28-Oct-2025,Put,25600,255375.0,12900.0,355.05,0.0
28-Oct-2025,Put,25650,19725.0,975.0,393.0,0.0
28-Oct-2025,Put,25700,221025.0,8025.0,432.3,0.0
28-Oct-2025,Put,25750,13800.0,1950.0,473.6,0.0
28-Oct-2025,Put,25800,214800.0,35475.0,513.2,0.0
28-Oct-2025,Put,25850,7200.0,-825.0,605.15,0.0
28-Oct-2025,Put,25900,30750.0,-5925.0,602.5,0.0
28-Oct-2025,Put,25950,4050.0,,639.8,0.0
28-Oct-2025,Put,26000,1273275.0,-2175.0,701.6,0.0
28-Oct-2025,Put,26050,1725.0,75.0,739.7,0.0
28-Oct-2025,Put,26100,24600.0,1275.0,789.9,0.0
28-Oct-2025,Put,26150,3000.0,75.0,842.3,0.0
28-Oct-2025,Put,26200,209400.0,120525.0,882.5,0.0
28-Oct-2025,Put,26250,4275.0,75.0,932.1,0.0
28-Oct-2025,Put,26300,25050.0,150.0,980.0,0.0
28-Oct-2025,Put,26350,4425.0,-75.0,1022.25,0.0
28-Oct-2025,Put,26400,23925.0,-75.0,1077.95,0.0
28-Oct-2025,Put,26450,1575.0,75.0,1142.8,0.0
28-Oct-2025,Put,26500,566325.0,7425.0,1175.7,0.0
28-Oct-2025,Put,26550,675.0,-75.0,1248.05,0.0
28-Oct-2025,Put,26600,7425.0,450.0,1298.0,0.0
28-Oct-2025,Put,26650,525.0,75.0,1341.65,0.0
28-Oct-2025,Put,26700,7800.0,75.0,1375.0,0.0
28-Oct-2025,Put,26750,825.0,75.0,1420.65,0.0
28-Oct-2025,Put,26800,16875.0,225.0,1470.0,0.0
28-Oct-2025,Put,26850,300.0,75.0,1524.4,0.0
28-Oct-2025,Put,26900,2850.0,225.0,1564.8,0.0
28-Oct-2025,Put,26950,1500.0,75.0,1624.05,0.0
28-Oct-2025,Put,27000,868800.0,-750.0,1678.5,0.0
28-Oct-2025,Put,27100,2925.0,,1783.25,0.0
28-Oct-2025,Put,27150,4725.0,,1811.15,0.0
29-Dec-2026,Call,16000,50.0,,6200.0,0.0
29-Dec-2026,Call,19000,125.0,,8600.0,39.34450562813686
29-Dec-2026,Call,21000,225.0,,5675.0,0.0
29-Dec-2026,Call,22000,1725.0,,5000.0,16.050476629649822
29-Dec-2026,Call,23000,5100.0,,4350.0,17.875843394217057
29-Dec-2026,Call,24000,10050.0,150.0,3450.0,15.26701255527999
29-Dec-2026,Call,25000,76175.0,2100.0,2748.0,14.713044070732861
29-Dec-2026,Call,26000,36450.0,1575.0,2050.0,13.531629126689456
29-Dec-2026,Call,27000,80625.0,675.0,1513.0,13.157261871921676
29-Dec-2026,Call,28000,59550.0,1350.0,1025.0,12.388176120107786
29-Dec-2026,Call,29000,45450.0,825.0,673.25,11.982219748703079
29-Dec-2026,Call,30000,65700.0,600.0,419.0,11.64539482700534
29-Dec-2026,Call,31000,22275.0,75.0,260.0,11.560618165256017
29-Dec-2026,Put,12000,575.0,,20.0,31.9268973711445
29-Dec-2026,Put,13000,2475.0,,1.1,21.563199109901866
29-Dec-2026,Put,14000,2225.0,,29.6,27.766661868763563
29-Dec-2026,Put,15000,1475.0,,20.55,23.896946564663804
29-Dec-2026,Put,16000,2425.0,,23.3,21.90279650559016
29-Dec-2026,Put,17000,2850.0,,97.05,24.853088287210774
29-Dec-2026,Put,18000,5950.0,,132.0,23.703113462774077
29-Dec-2026,Put,19000,1725.0,,102.05,19.962511397699206
29-Dec-2026,Put,20000,43325.0,,132.5,18.59678980482079
29-Dec-2026,Put,21000,37475.0,,180.0,17.44859657100918
29-Dec-2026,Put,22000,60200.0,150.0,254.45,16.52068174575807
29-Dec-2026,Put,23000,74700.0,2500.0,342.05,15.374892051304023
29-Dec-2026,Put,24000,103900.0,150.0,473.0,14.402448461671359
29-Dec-2026,Put,25000,246500.0,975.0,679.0,13.743903430502394
29-Dec-2026,Put,26000,130500.0,900.0,921.3,12.766459905660653
29-Dec-2026,Put,27000,70500.0,675.0,1260.0,0.0
29-Dec-2026,Put,28000,51825.0,4425.0,1697.0,0.0
29-Dec-2026,Put,29000,4875.0,,2180.0,0.0
29-Dec-2026,Put,30000,3000.0,,2900.0,0.0
29-Jun-2027,Call,19000,75.0,,7800.0,0.0
29-Jun-2027,Call,24000,600.0,,3850.0,11.475478302327152
29-Jun-2027,Put,18000,100.0,,93.95,19.748227271068387
29-Jun-2027,Put,19000,600.0,,182.1,20.40407328630018
29-Jun-2027,Put,21000,875.0,,250.0,17.460286471420115
30-Dec-2025,Call,16000,350.0,,9000.0,0.0
30-Dec-2025,Call,17000,108325.0,75.0,8429.05,0.0
30-Dec-2025,Call,18000,63925.0,,7280.25,0.0
30-Dec-2025,Call,19000,11225.0,,6315.0,0.0
30-Dec-2025,Call,19500,1150.0,,5980.0,23.06878605877869
30-Dec-2025,Call,20000,370750.0,2850.0,5535.1,30.56509868278876
30-Dec-2025,Call,21000,401925.0,-1275.0,4565.15,26.96206754459329
30-Dec-2025,Call,22000,464700.0,150.0,3590.0,22.54100833885207
30-Dec-2025,Call,23000,598800.0,4200.0,2626.45,18.421030992937087
30-Dec-2025,Call,24000,976225.0,-4350.0,1700.0,14.932683708550249
30-Dec-2025,Call,24100,75.0,,1540.8,12.177505655310977
30-Dec-2025,Call,24200,75.0,,1591.55,16.338946230654777
30-Dec-2025,Call,24300,75.0,,1510.0,16.11475760683914
30-Dec-2025,Call,24350,225.0,,1490.25,16.55955199903478
30-Dec-2025,Call,24400,225.0,,1216.2,9.356336949807975
30-Dec-2025,Call,24450,600.0,,1412.35,16.366500742290068
30-Dec-2025,Call,24500,39750.0,150.0,1261.2,13.27170206851045
30-Dec-2025,Call,24550,225.0,,1081.85,8.989842905336456
30-Dec-2025,Call,24600,300.0,,1232.0,14.400677086488717
30-Dec-2025,Call,24650,225.0,,1041.25,10.200907763629383
30-Dec-2025,Call,24700,4350.0,,935.15,8.132339108546264
30-Dec-2025,Call,24750,525.0,,1131.95,14.447619110905263
30-Dec-2025,Call,24800,14700.0,675.0,999.9,12.005709154528518
30-Dec-2025,Call,24850,1200.0,,1076.55,14.681137722407394
30-Dec-2025,Call,24900,16575.0,300.0,951.4,12.462429944814074
30-Dec-2025,Call,24950,3375.0,-75.0,883.8,11.622781053399809
30-Dec-2025,Call,25000,1948650.0,14025.0,883.05,12.364977097692648
30-Dec-2025,Call,25050,1950.0,,782.85,10.758442630847403
30-Dec-2025,Call,25100,16575.0,-750.0,810.4,12.115724958592311
30-Dec-2025,Call,25150,825.0,-75.0,757.5,11.598105899551046
30-Dec-2025,Call,25200,31650.0,3750.0,741.7,11.906283621069443
30-Dec-2025,Call,25250,14100.0,150.0,704.0,11.70760074515385
30-Dec-2025,Call,25300,54225.0,4950.0,680.0,11.797910757010174
30-Dec-2025,Call,25350,3150.0,2775.0,616.0,10.998069174714415
30-Dec-2025,Call,25400,39375.0,3375.0,616.25,11.587084426680526
30-Dec-2025,Call,25450,1875.0,300.0,586.4,11.503851941106829
30-Dec-2025,Call,25500,273150.0,10725.0,556.0,11.393745973394317
30-Dec-2025,Call,25550,1725.0,,495.0,10.610448285589927
30-Dec-2025,Call,25600,31950.0,5925.0,500.75,11.246748637857392
30-Dec-2025,Call,25650,4875.0,-1125.0,452.95,10.715287305054243
30-Dec-2025,Call,25700,21825.0,-525.0,449.0,11.111351009978854
30-Dec-2025,Call,25750,5175.0,-1350.0,423.95,11.036942425685062
30-Dec-2025,Call,25800,50775.0,300.0,398.8,10.943555237346155
30-Dec-2025,Call,25850,3300.0,-600.0,363.4,10.607616075999301
30-Dec-2025,Call,25900,11625.0,225.0,353.25,10.809080113397105
30-Dec-2025,Call,25950,1875.0,-1500.0,332.25,10.755198543930533
30-Dec-2025,Call,26000,4142300.0,52575.0,315.0,10.768705483424961
30-Dec-2025,Call,26050,2025.0,-225.0,292.45,10.644523741965509
30-Dec-2025,Call,26100,73050.0,-1200.0,273.8,10.591205535232415
30-Dec-2025,Call,26150,3975.0,1425.0,245.4,10.287037011076746
30-Dec-2025,Call,26200,95925.0,6975.0,235.35,10.400739221984232
30-Dec-2025,Call,26250,4200.0,2400.0,222.8,10.440083547460436
30-Dec-2025,Call,26500,674925.0,157350.0,154.9,10.25519460385401
30-Dec-2025,Call,27000,2541475.0,43050.0,74.8,10.267110408151767
30-Dec-2025,Call,28000,1559500.0,-1500.0,22.7,11.341207021565852
30-Dec-2025,Call,29000,894200.0,-14875.0,8.5,12.649668061833639
30-Dec-2025,Call,30000,616850.0,-5700.0,6.0,14.802578552974104
30-Dec-2025,Call,31000,280075.0,-375.0,4.1,16.62927568246927
30-Dec-2025,Put,13000,28700.0,4575.0,3.85,53.02448197014703
30-Dec-2025,Put,15000,14350.0,,5.0,43.64794865332208
30-Dec-2025,Put,16000,20450.0,,5.05,38.793754804233835
30-Dec-2025,Put,16500,3600.0,,5.0,36.40884119594767
30-Dec-2025,Put,17000,69950.0,,6.0,34.82302827389351
30-Dec-2025,Put,18000,158000.0,3825.0,8.2,31.493035714258067
30-Dec-2025,Put,19000,385000.0,15750.0,13.0,28.761035946958884
30-Dec-2025,Put,20000,887450.0,14025.0,16.75,25.22370494664964
30-Dec-2025,Put,21000,1419700.0,32550.0,23.6,21.971870358828184
30-Dec-2025,Put,22000,1723450.0,13200.0,31.8,18.444819993533336
30-Dec-2025,Put,22850,4125.0,75.0,37.4,15.005976452207491
30-Dec-2025,Put,22900,9675.0,75.0,43.0,15.214210126527094
30-Dec-2025,Put,22950,3375.0,,48.55,15.379853263874427
30-Dec-2025,Put,23000,2535725.0,9225.0,46.5,14.988355949035192
30-Dec-2025,Put,23050,9000.0,,47.75,14.832293325096835
30-Dec-2025,Put,23100,8625.0,-300.0,45.95,14.460867637540753
30-Dec-2025,Put,23150,7425.0,,54.2,14.769200307821501
30-Dec-2025,Put,23200,21300.0,225.0,50.95,14.308693983065545
30-Dec-2025,Put,23250,9375.0,,52.0,14.127909755574306
30-Dec-2025,Put,23300,36075.0,16800.0,59.9,14.361929651351971
30-Dec-2025,Put,23350,5400.0,,63.7,14.325508892371921
30-Dec-2025,Put,23400,117525.0,25350.0,64.95,14.137015410980514
30-Dec-2025,Put,23450,6150.0,,66.0,13.934999594171437
30-Dec-2025,Put,23500,322275.0,36975.0,64.05,13.568489193350475
30-Dec-2025,Put,23550,6000.0,,70.3,13.639193442844599
30-Dec-2025,Put,23600,19650.0,10050.0,65.0,13.099126458342491
30-Dec-2025,Put,23650,1950.0,1950.0,76.9,13.437043049950404
30-Dec-2025,Put,23700,85800.0,10875.0,77.0,13.172499412140434
30-Dec-2025,Put,23750,2025.0,1950.0,85.0,13.273299111783526
30-Dec-2025,Put,23800,289875.0,9825.0,85.0,12.997992996038471
30-Dec-2025,Put,23850,900.0,900.0,95.25,13.165341617509462
30-Dec-2025,Put,23900,191250.0,23775.0,89.3,12.631291150259049
30-Dec-2025,Put,23950,675.0,675.0,104.2,12.962345583886648
30-Dec-2025,Put,24000,3621800.0,-1875.0,101.25,12.556885068894175
30-Dec-2025,Put,24050,600.0,600.0,113.25,12.729829191689685
30-Dec-2025,Put,24100,90600.0,19050.0,108.6,12.260300623088924
30-Dec-2025,Put,24200,156825.0,25725.0,119.05,12.04859829674156
30-Dec-2025,Put,24250,75.0,,245.05,15.679122886748237
30-Dec-2025,Put,24300,88275.0,14025.0,130.55,11.835987581819657
30-Dec-2025,Put,24350,5175.0,-75.0,138.55,11.788836591942225
30-Dec-2025,Put,24400,142425.0,16800.0,142.85,11.611028463350609
30-Dec-2025,Put,24450,4800.0,600.0,152.4,11.589247801277194
30-Dec-2025,Put,24500,797100.0,207075.0,158.2,11.439767414733804
30-Dec-2025,Put,24550,4425.0,,143.9,10.679794434211239
30-Dec-2025,Put,24600,47775.0,1650.0,175.85,11.288663733267516
30-Dec-2025,Put,24650,7800.0,,163.6,10.598961413459653
30-Dec-2025,Put,24700,30900.0,675.0,196.4,11.167053518441424
30-Dec-2025,Put,24750,3900.0,,207.0,11.094523818858478
30-Dec-2025,Put,24800,60675.0,1650.0,215.0,10.941088862831203
30-Dec-2025,Put,24850,3000.0,675.0,228.2,10.90961831517584
30-Dec-2025,Put,24900,34650.0,6075.0,240.7,10.845127615826192
30-Dec-2025,Put,24950,6000.0,975.0,253.2,10.76621498183939
30-Dec-2025,Put,25000,3038925.0,250.0,266.85,10.700748227522924
30-Dec-2025,Put,25050,12000.0,1875.0,274.45,10.477680362890194
30-Dec-2025,Put,25100,30000.0,1200.0,293.05,10.499970109064144
30-Dec-2025,Put,25150,4425.0,675.0,317.85,10.645792144850791
30-Dec-2025,Put,25200,95700.0,4125.0,348.7,10.906378069963818
30-Dec-2025,Put,25250,13950.0,975.0,341.1,10.287581689154809
30-Dec-2025,Put,25300,74250.0,1200.0,356.5,10.171595380986073
30-Dec-2025,Put,25350,3750.0,300.0,385.0,10.326867341320547
30-Dec-2025,Put,25400,29625.0,2175.0,407.0,10.320873757882667
30-Dec-2025,Put,25450,5775.0,150.0,437.7,10.485571864940239
30-Dec-2025,Put,25500,260100.0,6450.0,426.7,9.733308138317847
30-Dec-2025,Put,25550,4050.0,225.0,497.0,10.714919549126142
30-Dec-2025,Put,25600,14625.0,-750.0,475.0,9.693558454772115
30-Dec-2025,Put,25650,4425.0,-75.0,525.0,10.202603032310606
30-Dec-2025,Put,25700,12075.0,-300.0,518.75,9.481282521145
30-Dec-2025,Put,25750,2025.0,-450.0,583.45,10.276100637789469
30-Dec-2025,Put,25800,12900.0,-900.0,570.0,0.0
30-Dec-2025,Put,25850,3600.0,-375.0,595.8,0.0
30-Dec-2025,Put,25900,5250.0,-600.0,621.85,0.0
30-Dec-2025,Put,25950,2025.0,150.0,638.0,0.0
30-Dec-2025,Put,26000,3447250.0,32925.0,677.95,0.0
30-Dec-2025,Put,26050,1575.0,,707.8,0.0
30-Dec-2025,Put,26100,4725.0,150.0,738.35,0.0
30-Dec-2025,Put,26150,300.0,,908.0,0.0
30-Dec-2025,Put,26200,2100.0,300.0,816.95,0.0
30-Dec-2025,Put,26250,75.0,,935.55,0.0
30-Dec-2025,Put,26300,825.0,150.0,864.05,0.0
30-Dec-2025,Put,26350,3300.0,2700.0,921.05,0.0
30-Dec-2025,Put,26400,12000.0,1500.0,941.65,0.0
30-Dec-2025,Put,26450,75.0,,1090.7,0.0
30-Dec-2025,Put,26500,87225.0,23175.0,1020.0,0.0
30-Dec-2025,Put,26550,1200.0,450.0,1043.7,0.0
30-Dec-2025,Put,26600,675.0,,983.65,0.0
30-Dec-2025,Put,27000,832400.0,100.0,1430.0,0.0
30-Dec-2025,Put,28000,820050.0,75.0,2352.35,0.0
30-Dec-2025,Put,29000,649725.0,-225.0,3310.35,0.0
30-Dec-2025,Put,30000,192950.0,450.0,4290.0,0.0
30-Jun-2026,Call,12000,50.0,,8690.0,0.0
30-Jun-2026,Call,18000,100.0,,7400.0,0.0
30-Jun-2026,Call,19000,100.0,,5792.0,0.0
30-Jun-2026,Call,24000,4200.0,,2536.55,13.203628251790745
30-Jun-2026,Call,25000,21225.0,225.0,1818.45,12.84305407076931
30-Jun-2026,Call,26000,66775.0,2175.0,1189.05,12.13361264942668
30-Jun-2026,Call,27000,99000.0,-900.0,654.15,10.941979265242116
30-Jun-2026,Call,30000,19725.0,-225.0,98.0,11.220929470869843
30-Jun-2026,Put,12000,325.0,,20.0,40.211358330099564
30-Jun-2026,Put,13000,200.0,,21.6,36.78870757472469
30-Jun-2026,Put,14000,1525.0,,20.05,32.91456197002353
30-Jun-2026,Put,15000,1275.0,,35.0,32.05600938780876
30-Jun-2026,Put,16000,2275.0,,21.0,26.713116688285577
30-Jun-2026,Put,19000,250.0,,205.7,28.45662949903681
30-Jun-2026,Put,20000,351825.0,,67.9,19.334004467592763
30-Jun-2026,Put,21000,361950.0,-75.0,69.0,16.510637783045603
30-Jun-2026,Put,22000,24375.0,300.0,109.0,15.22488133486812
30-Jun-2026,Put,23000,41475.0,2100.0,161.0,13.656457802514833
30-Jun-2026,Put,24000,140475.0,5700.0,268.05,12.54636319227736
30-Jun-2026,Put,25000,142425.0,7350.0,454.0,11.592152275664391
30-Jun-2026,Put,26000,87675.0,2925.0,759.65,0.0
31-Mar-2026,Call,21000,75.0,,4900.0,20.878843046264333
31-Mar-2026,Call,22000,225.0,,3476.95,0.0
31-Mar-2026,Call,23000,300.0,300.0,3000.0,15.008299228451689
31-Mar-2026,Call,24000,150750.0,3750.0,2155.2,13.998662871786689
31-Mar-2026,Call,25000,332025.0,2850.0,1398.95,12.907100209197642
31-Mar-2026,Call,26000,715650.0,7425.0,769.1,11.65466368210819
31-Mar-2026,Call,27000,1162350.0,22800.0,345.6,10.762680467856475
31-Mar-2026,Call,28000,490425.0,12300.0,139.9,10.594747412482963
31-Mar-2026,Call,29000,160800.0,-2775.0,58.85,10.96328681554225
31-Mar-2026,Call,30000,136575.0,-2625.0,33.5,12.027420491291654
31-Mar-2026,Put,19000,450.0,,25.0,22.416294841412686
31-Mar-2026,Put,20000,72675.0,2550.0,36.25,20.385986772687808
31-Mar-2026,Put,21000,119475.0,-825.0,50.5,18.187678389650674
31-Mar-2026,Put,22000,420975.0,3300.0,65.3,15.659249980379714
31-Mar-2026,Put,23000,564750.0,14025.0,109.35,13.923231229849286
31-Mar-2026,Put,24000,985125.0,2025.0,203.0,12.516336339843065
31-Mar-2026,Put,25000,801975.0,5325.0,387.85,11.280883291412284
31-Mar-2026,Put,26000,633225.0,24150.0,720.0,0.0
31-Mar-2026,Put,27000,250125.0,,1262.0,0.0
31-Mar-2026,Put,28000,103425.0,1575.0,2025.0,0.0
31-Mar-2026,Put,29000,450.0,225.0,2950.0,0.0
31-Mar-2026,Put,30000,900.0,900.0,3833.1,0.0
31-Mar-2026,Put,31000,150.0,75.0,4800.0,0.0
