ExpiryDate,OptionType,StrikePrice,OpenInterest,ChangeInOI,LTP,IV,OI_Daily_Change,IV_Daily_Change
04-Nov-2025,Call,24650,450.0,450.0,470.85,11.99323868954085,0.0,0.0
04-Nov-2025,Call,24800,450.0,450.0,367.8,11.237162885759993,0.0,0.0
04-Nov-2025,Call,25000,975.0,975.0,274.45,11.144323955269577,0.0,0.0
04-Nov-2025,Call,25050,225.0,225.0,244.95,10.836824294657552,0.0,0.0
04-Nov-2025,Call,25150,150.0,75.0,286.05,13.375838405232754,0.0,0.0
04-Nov-2025,Call,25200,1350.0,450.0,194.4,10.920987142193386,0.0,0.0
04-Nov-2025,Call,25500,4350.0,2325.0,110.05,10.755034631190183,0.0,0.0
04-Nov-2025,Call,25600,75.0,,391.0,21.894807272896994,0.0,0.0
04-Nov-2025,Call,25900,9000.0,-2250.0,49.65,10.876079940780087,0.0,0.0
04-Nov-2025,Call,26550,375.0,375.0,15.05,11.700091754670996,0.0,0.0
04-Nov-2025,Call,26900,1725.0,1575.0,10.25,12.656607344949242,0.0,0.0
04-Nov-2025,Put,23250,450.0,450.0,35.0,13.71665338852853,0.0,0.0
04-Nov-2025,Put,23300,600.0,525.0,38.0,13.632224590243164,0.0,0.0
04-Nov-2025,Put,23350,600.0,600.0,35.0,13.014338286030524,0.0,0.0
04-Nov-2025,Put,23500,375.0,375.0,52.8,13.308982845508496,0.0,0.0
04-Nov-2025,Put,24000,225.0,225.0,143.25,13.674852496526274,0.0,0.0
04-Nov-2025,Put,24600,75.0,75.0,250.0,10.79833937601902,0.0,0.0
04-Nov-2025,Put,24700,225.0,225.0,274.45,10.21477096304118,0.0,0.0
04-Nov-2025,Put,24800,375.0,375.0,342.3,10.853865398889,0.0,0.0
04-Nov-2025,Put,25000,75.0,,340.0,0.0,0.0,0.0
04-Nov-2025,Put,25100,75.0,-150.0,476.9,9.714147053292265,0.0,0.0
04-Nov-2025,Put,25250,750.0,,350.0,0.0,0.0,0.0
04-Nov-2025,Put,25300,150.0,,321.95,0.0,0.0,0.0
07-Oct-2025,Call,22900,150.0,,1842.6,31.042444247648493,0.0,0.0
07-Oct-2025,Call,23000,17025.0,2850.0,1729.85,27.461648897136087,0.0,0.0
07-Oct-2025,Call,23250,75.0,75.0,1492.55,26.104736391690846,0.0,0.0
07-Oct-2025,Call,23300,225.0,225.0,1433.35,23.994331920015906,0.0,0.0
07-Oct-2025,Call,23400,1275.0,1200.0,1320.0,20.31426738179038,0.0,0.0
07-Oct-2025,Call,23450,300.0,300.0,1287.3,22.510948861030357,0.0,0.0
07-Oct-2025,Call,23500,14625.0,14400.0,1235.2,21.502661292014274,0.0,0.0
07-Oct-2025,Call,23550,225.0,225.0,1189.45,21.394997164292544,0.0,0.0
07-Oct-2025,Call,23600,1275.0,450.0,1139.0,20.618186515272733,0.0,0.0
07-Oct-2025,Call,23650,750.0,600.0,1093.1,20.42945170496744,0.0,0.0
07-Oct-2025,Call,23700,1200.0,525.0,1044.0,19.807903208293208,0.0,0.0
07-Oct-2025,Call,23750,525.0,525.0,995.6,19.260213699288347,0.0,0.0
07-Oct-2025,Call,23800,1650.0,975.0,945.05,18.448676366712903,0.0,0.0
07-Oct-2025,Call,23850,600.0,600.0,902.35,18.506724294195227,0.0,0.0
07-Oct-2025,Call,23900,1500.0,975.0,855.0,18.008533871639425,0.0,0.0
07-Oct-2025,Call,23950,600.0,600.0,805.95,17.316506621904345,0.0,0.0
07-Oct-2025,Call,24000,60525.0,38700.0,755.0,16.425796408942205,0.0,0.0
07-Oct-2025,Call,24050,600.0,600.0,710.35,16.12971854430856,0.0,0.0
07-Oct-2025,Call,24100,10125.0,9150.0,657.0,14.997550894975381,0.0,0.0
07-Oct-2025,Call,24150,1275.0,1275.0,611.5,14.57101047979908,0.0,0.0
07-Oct-2025,Call,24200,43725.0,42750.0,577.3,15.028777552580303,0.0,0.0
07-Oct-2025,Call,24250,1425.0,1425.0,524.55,13.91248743656962,0.0,0.0
07-Oct-2025,Call,24300,34350.0,32850.0,482.3,13.589250348446885,0.0,0.0
07-Oct-2025,Call,24350,3375.0,3375.0,435.0,12.838316841233311,0.0,0.0
07-Oct-2025,Call,24400,41025.0,39225.0,392.05,12.354098117147547,0.0,0.0
07-Oct-2025,Call,24450,9225.0,9075.0,354.8,12.18485576801514,0.0,0.0
07-Oct-2025,Call,24500,328125.0,241125.0,317.0,11.886158093503072,0.0,0.0
07-Oct-2025,Call,24550,39900.0,39525.0,277.2,11.373664421706975,0.0,0.0
07-Oct-2025,Call,24600,281700.0,226950.0,242.0,11.04966481337878,0.0,0.0
07-Oct-2025,Call,24650,127575.0,124125.0,210.0,10.806788390933793,0.0,0.0
07-Oct-2025,Call,24700,778650.0,715275.0,177.65,10.423945272973016,0.0,0.0
07-Oct-2025,Call,24750,303000.0,290175.0,155.45,10.508333442319183,0.0,0.0
07-Oct-2025,Call,24800,1296450.0,1070775.0,129.1,10.214772942101256,0.0,0.0
07-Oct-2025,Call,24850,378525.0,327525.0,111.75,10.327208816495002,0.0,0.0
07-Oct-2025,Call,24900,1503825.0,1145475.0,89.4,9.988447631896147,0.0,0.0
07-Oct-2025,Call,24950,293250.0,137550.0,77.0,10.155449685023376,0.0,0.0
07-Oct-2025,Call,25000,3067950.0,1699650.0,62.7,10.064072872475021,0.0,0.0
07-Oct-2025,Call,25050,391575.0,142350.0,51.55,10.067266376944675,0.0,0.0
07-Oct-2025,Call,25100,1637925.0,229275.0,43.4,10.192032610514294,0.0,0.0
07-Oct-2025,Call,25150,305250.0,69075.0,37.3,10.398806204159557,0.0,0.0
07-Oct-2025,Call,25200,1696200.0,321525.0,31.4,10.532954579469422,0.0,0.0
07-Oct-2025,Call,25250,392625.0,92025.0,26.1,10.63259210518715,0.0,0.0
07-Oct-2025,Call,25300,1597125.0,408375.0,22.75,10.879064945450054,0.0,0.0
07-Oct-2025,Call,25350,308400.0,25350.0,20.0,11.141836160339695,0.0,0.0
07-Oct-2025,Call,25400,813825.0,-24975.0,17.35,11.358968154418791,0.0,0.0
07-Oct-2025,Call,25450,225225.0,20325.0,14.95,11.552641534518916,0.0,0.0
07-Oct-2025,Call,25500,1530075.0,325050.0,13.45,11.852465876290296,0.0,0.0
07-Oct-2025,Call,25550,336225.0,117975.0,10.9,11.884065644927047,0.0,0.0
07-Oct-2025,Call,25600,724725.0,221475.0,9.8,12.167719901730678,0.0,0.0
07-Oct-2025,Call,25650,236475.0,78825.0,9.25,12.557525353036164,0.0,0.0
07-Oct-2025,Call,25700,582450.0,-54900.0,7.9,12.703570673365421,0.0,0.0
07-Oct-2025,Call,25750,118275.0,27150.0,8.15,13.283068334391434,0.0,0.0
07-Oct-2025,Call,25800,622875.0,13725.0,6.8,13.357819528908843,0.0,0.0
07-Oct-2025,Call,25850,128925.0,36750.0,5.3,13.289739862320385,0.0,0.0
07-Oct-2025,Call,25900,538500.0,138075.0,5.85,13.979736130757074,0.0,0.0
07-Oct-2025,Call,25950,86700.0,25725.0,5.75,14.412416405193879,0.0,0.0
07-Oct-2025,Call,26000,1505625.0,270075.0,5.0,14.559173255827837,0.0,0.0
07-Oct-2025,Call,26050,15000.0,15000.0,4.55,14.804253536289558,0.0,0.0
07-Oct-2025,Call,26100,150600.0,52050.0,4.7,15.328478144889324,0.0,0.0
07-Oct-2025,Call,26150,51375.0,-1350.0,3.6,15.18045935241915,0.0,0.0
07-Oct-2025,Call,26200,254175.0,-26475.0,3.9,15.791378899505737,0.0,0.0
07-Oct-2025,Call,26250,31350.0,-13050.0,2.8,15.507477376607989,0.0,0.0
07-Oct-2025,Call,26300,136500.0,33225.0,2.7,15.849497141828389,0.0,0.0
07-Oct-2025,Call,26350,19050.0,-5475.0,2.7,16.26359846593998,0.0,0.0
07-Oct-2025,Call,26400,129750.0,3150.0,2.1,16.154648647661134,0.0,0.0
07-Oct-2025,Call,26450,900.0,900.0,2.7,17.08554635300301,0.0,0.0
07-Oct-2025,Call,26500,1454100.0,591075.0,1.85,16.69505405143611,0.0,0.0
07-Oct-2025,Call,26550,28500.0,900.0,1.75,16.974536449601136,0.0,0.0
07-Oct-2025,Call,26600,524325.0,273600.0,1.5,17.05549816746525,0.0,0.0
07-Oct-2025,Call,26650,29625.0,150.0,1.85,17.863988446016613,0.0,0.0
07-Oct-2025,Call,26700,237225.0,117300.0,1.65,18.00940512373373,0.0,0.0
07-Oct-2025,Call,26750,38325.0,-3225.0,1.5,18.191983427390834,0.0,0.0
07-Oct-2025,Call,26800,85350.0,-10800.0,1.45,18.497352862662446,0.0,0.0
07-Oct-2025,Call,26850,19725.0,225.0,2.05,19.63292542664744,0.0,0.0
07-Oct-2025,Call,26900,13275.0,-6000.0,1.55,19.38508377530426,0.0,0.0
07-Oct-2025,Call,26950,9375.0,1350.0,1.55,19.75725882813707,0.0,0.0
07-Oct-2025,Call,27000,403575.0,57975.0,1.6,20.199253257779777,0.0,0.0
07-Oct-2025,Call,27050,1650.0,1350.0,1.3,20.10774151990041,0.0,0.0
07-Oct-2025,Call,27100,25350.0,4875.0,1.5,20.789957521104817,0.0,0.0
07-Oct-2025,Call,27150,99525.0,88425.0,1.6,21.30592502540946,0.0,0.0
07-Oct-2025,Put,22850,78600.0,22725.0,3.6,20.02048033740148,0.0,0.0
07-Oct-2025,Put,22900,154350.0,112050.0,3.45,19.418622557153554,0.0,0.0
07-Oct-2025,Put,22950,24675.0,4800.0,3.7,19.110582089272143,0.0,0.0
07-Oct-2025,Put,23000,437100.0,253050.0,3.9,18.753865125441177,0.0,0.0
07-Oct-2025,Put,23050,7650.0,2625.0,3.85,18.22538996146098,0.0,0.0
07-Oct-2025,Put,23100,38400.0,27225.0,4.25,17.97948359804079,0.0,0.0
07-Oct-2025,Put,23150,10575.0,8700.0,4.75,17.7629101645641,0.0,0.0
07-Oct-2025,Put,23200,43275.0,27600.0,5.0,17.386722043559892,0.0,0.0
07-Oct-2025,Put,23250,5925.0,3825.0,4.7,16.71911383401677,0.0,0.0
07-Oct-2025,Put,23300,55125.0,29100.0,4.9,16.31175621531922,0.0,0.0
07-Oct-2025,Put,23350,12600.0,11175.0,7.25,16.812939442369988,0.0,0.0
07-Oct-2025,Put,23400,40950.0,29400.0,7.6,16.403918481886855,0.0,0.0
07-Oct-2025,Put,23450,16950.0,4800.0,5.9,15.210028838249295,0.0,0.0
07-Oct-2025,Put,23500,437700.0,235875.0,7.3,15.211679141521456,0.0,0.0
07-Oct-2025,Put,23550,15450.0,7350.0,8.95,15.204126116951933,0.0,0.0
07-Oct-2025,Put,23600,230625.0,168225.0,9.05,14.674515670980327,0.0,0.0
07-Oct-2025,Put,23650,26400.0,15975.0,10.5,14.51177779382346,0.0,0.0
07-Oct-2025,Put,23700,282675.0,206700.0,10.45,13.923144325828924,0.0,0.0
07-Oct-2025,Put,23750,34350.0,21900.0,10.7,13.407207555163096,0.0,0.0
07-Oct-2025,Put,23800,368100.0,253200.0,11.65,13.046228860083033,0.0,0.0
07-Oct-2025,Put,23850,53700.0,51825.0,14.75,13.095005473189335,0.0,0.0
07-Oct-2025,Put,23900,331800.0,261600.0,16.45,12.78940064618406,0.0,0.0
07-Oct-2025,Put,23950,90975.0,73425.0,19.2,12.613956272021728,0.0,0.0
07-Oct-2025,Put,24000,1159650.0,580875.0,20.7,12.189270468966523,0.0,0.0
07-Oct-2025,Put,24050,98100.0,74625.0,22.3,11.749500968509588,0.0,0.0
07-Oct-2025,Put,24100,313800.0,151500.0,25.1,11.434266268008761,0.0,0.0
07-Oct-2025,Put,24150,118725.0,98475.0,28.85,11.178324905854092,0.0,0.0
07-Oct-2025,Put,24200,582150.0,282300.0,33.85,10.989144923447165,0.0,0.0
07-Oct-2025,Put,24250,121650.0,14400.0,37.5,10.588568728720395,0.0,0.0
07-Oct-2025,Put,24300,735600.0,273075.0,43.8,10.372108218083298,0.0,0.0
07-Oct-2025,Put,24350,180975.0,114300.0,50.25,10.081291975697942,0.0,0.0
07-Oct-2025,Put,24400,676725.0,379275.0,59.9,9.951705799522719,0.0,0.0
07-Oct-2025,Put,24450,202800.0,69600.0,75.95,10.159279981176066,0.0,0.0
07-Oct-2025,Put,24500,1330125.0,504975.0,80.0,9.420963331188076,0.0,0.0
07-Oct-2025,Put,24550,238575.0,160500.0,93.25,9.2005274709363,0.0,0.0
07-Oct-2025,Put,24600,920625.0,414525.0,109.0,9.008192750354134,0.0,0.0
07-Oct-2025,Put,24650,258075.0,102450.0,129.9,8.984743216768441,0.0,0.0
07-Oct-2025,Put,24700,1109700.0,378300.0,142.6,8.331519165098108,0.0,0.0
07-Oct-2025,Put,24750,260400.0,95850.0,164.65,8.06690369904893,0.0,0.0
07-Oct-2025,Put,24800,1177875.0,273375.0,194.0,8.063720439125548,0.0,0.0
07-Oct-2025,Put,24850,111750.0,-66150.0,226.2,8.067376228745724,0.0,0.0
07-Oct-2025,Put,24900,1132050.0,406425.0,255.7,7.70392219517273,0.0,0.0
07-Oct-2025,Put,24950,100050.0,-50775.0,282.8,0.0,0.0,0.0
07-Oct-2025,Put,25000,1192650.0,62625.0,324.05,0.0,0.0,0.0
07-Oct-2025,Put,25050,87825.0,-34425.0,365.6,0.0,0.0,0.0
07-Oct-2025,Put,25100,830025.0,-185325.0,404.05,0.0,0.0,0.0
07-Oct-2025,Put,25150,88425.0,-16875.0,450.75,0.0,0.0,0.0
07-Oct-2025,Put,25200,830325.0,-40425.0,490.4,0.0,0.0,0.0
07-Oct-2025,Put,25250,42525.0,-12300.0,534.25,0.0,0.0,0.0
07-Oct-2025,Put,25300,457350.0,-71175.0,580.5,0.0,0.0,0.0
07-Oct-2025,Put,25350,51150.0,-8325.0,632.95,0.0,0.0,0.0
07-Oct-2025,Put,25400,166125.0,-69225.0,676.0,0.0,0.0,0.0
07-Oct-2025,Put,25450,19575.0,-2925.0,741.0,0.0,0.0,0.0
07-Oct-2025,Put,25500,142275.0,-14700.0,773.0,0.0,0.0,0.0
07-Oct-2025,Put,25550,6675.0,-450.0,824.0,0.0,0.0,0.0
07-Oct-2025,Put,25600,51825.0,-375.0,870.05,0.0,0.0,0.0
07-Oct-2025,Put,25650,2550.0,-300.0,923.0,0.0,0.0,0.0
07-Oct-2025,Put,25700,41100.0,-12000.0,972.0,0.0,0.0,0.0
07-Oct-2025,Put,25750,750.0,150.0,1022.55,0.0,0.0,0.0
07-Oct-2025,Put,25800,7725.0,-1425.0,1081.8,0.0,0.0,0.0
07-Oct-2025,Put,25850,1050.0,450.0,1112.95,0.0,0.0,0.0
07-Oct-2025,Put,25900,1950.0,75.0,1167.55,0.0,0.0,0.0
07-Oct-2025,Put,25950,600.0,600.0,1215.3,0.0,0.0,0.0
07-Oct-2025,Put,26000,59550.0,41700.0,1261.8,0.0,0.0,0.0
07-Oct-2025,Put,26050,600.0,450.0,1317.35,0.0,0.0,0.0
07-Oct-2025,Put,26100,750.0,225.0,1357.05,0.0,0.0,0.0
07-Oct-2025,Put,26150,525.0,525.0,1416.75,0.0,0.0,0.0
07-Oct-2025,Put,26200,1125.0,75.0,1474.6,0.0,0.0,0.0
07-Oct-2025,Put,26250,600.0,600.0,1513.85,0.0,0.0,0.0
07-Oct-2025,Put,26300,150.0,150.0,1486.0,0.0,0.0,0.0
07-Oct-2025,Put,26350,450.0,450.0,1623.55,0.0,0.0,0.0
07-Oct-2025,Put,26400,525.0,375.0,1673.5,0.0,0.0,0.0
07-Oct-2025,Put,26450,450.0,450.0,1723.3,0.0,0.0,0.0
07-Oct-2025,Put,26500,3150.0,750.0,1770.2,0.0,0.0,0.0
07-Oct-2025,Put,26850,75.0,,1603.85,0.0,0.0,0.0
07-Oct-2025,Put,27000,300.0,,1679.95,0.0,0.0,0.0
07-Oct-2025,Put,27050,75.0,,1950.25,0.0,0.0,0.0
14-Oct-2025,Call,23500,75.0,75.0,1277.2,18.703833089755385,0.0,0.0
14-Oct-2025,Call,23850,450.0,450.0,943.85,15.9475049697818,0.0,0.0
14-Oct-2025,Call,23900,75.0,75.0,896.0,15.479983109889691,0.0,0.0
14-Oct-2025,Call,23950,75.0,75.0,849.75,15.116566794873426,0.0,0.0
14-Oct-2025,Call,24000,525.0,450.0,805.9,14.89982770242691,0.0,0.0
14-Oct-2025,Call,24050,600.0,600.0,758.45,14.405867811820183,0.0,0.0
14-Oct-2025,Call,24100,75.0,75.0,715.15,14.166162891353434,0.0,0.0
14-Oct-2025,Call,24150,375.0,375.0,669.05,13.715344880572891,0.0,0.0
14-Oct-2025,Call,24200,900.0,900.0,615.75,12.801272678329562,0.0,0.0
14-Oct-2025,Call,24250,600.0,600.0,582.85,13.093317334945148,0.0,0.0
14-Oct-2025,Call,24300,300.0,300.0,535.4,12.48380536523326,0.0,0.0
14-Oct-2025,Call,24350,525.0,525.0,499.35,12.471342176201752,0.0,0.0
14-Oct-2025,Call,24400,5850.0,5850.0,460.25,12.235592290880076,0.0,0.0
14-Oct-2025,Call,24450,1875.0,1875.0,420.15,11.898274015699023,0.0,0.0
14-Oct-2025,Call,24500,136875.0,134250.0,385.0,11.75502213866598,0.0,0.0
14-Oct-2025,Call,24550,4575.0,4575.0,350.5,11.58055675895675,0.0,0.0
14-Oct-2025,Call,24600,34500.0,12750.0,318.0,11.436358076300648,0.0,0.0
14-Oct-2025,Call,24650,16650.0,16650.0,281.05,11.01905667025503,0.0,0.0
14-Oct-2025,Call,24700,94125.0,84150.0,258.0,11.173468117806493,0.0,0.0
14-Oct-2025,Call,24750,27675.0,23850.0,228.0,10.933908774670563,0.0,0.0
14-Oct-2025,Call,24800,141675.0,128325.0,204.0,10.893589965834073,0.0,0.0
14-Oct-2025,Call,24850,21150.0,16050.0,181.2,10.831915003310307,0.0,0.0
14-Oct-2025,Call,24900,115875.0,85950.0,152.95,10.431086885877487,0.0,0.0
14-Oct-2025,Call,24950,17250.0,6150.0,139.0,10.630778354835835,0.0,0.0
14-Oct-2025,Call,25000,298875.0,179025.0,119.55,10.48475870407991,0.0,0.0
14-Oct-2025,Call,25050,25350.0,6900.0,104.5,10.479507850246733,0.0,0.0
14-Oct-2025,Call,25100,204225.0,74400.0,91.5,10.507172898208001,0.0,0.0
14-Oct-2025,Call,25150,29250.0,9450.0,75.8,10.296260042207711,0.0,0.0
14-Oct-2025,Call,25200,220125.0,84750.0,68.5,10.507596417064102,0.0,0.0
14-Oct-2025,Call,25250,33525.0,10725.0,59.85,10.575270609167728,0.0,0.0
14-Oct-2025,Call,25300,229425.0,36300.0,51.2,10.572339854026891,0.0,0.0
14-Oct-2025,Call,25350,23550.0,7875.0,44.1,10.610037572416664,0.0,0.0
14-Oct-2025,Call,25400,125250.0,36300.0,37.15,10.586349853130148,0.0,0.0
14-Oct-2025,Call,25450,14550.0,-3375.0,34.65,10.894287177057056,0.0,0.0
14-Oct-2025,Call,25500,397350.0,149400.0,29.95,10.958421762008452,0.0,0.0
14-Oct-2025,Call,25550,14250.0,-1050.0,26.9,11.138365820290103,0.0,0.0
14-Oct-2025,Call,25600,74100.0,8550.0,22.45,11.111092509808437,0.0,0.0
14-Oct-2025,Call,25700,94275.0,25575.0,17.85,11.424635696021424,0.0,0.0
14-Oct-2025,Call,25750,7050.0,3300.0,15.85,11.566526387176243,0.0,0.0
14-Oct-2025,Call,25800,132750.0,15600.0,14.75,11.819626517554653,0.0,0.0
14-Oct-2025,Call,25850,7275.0,300.0,13.0,11.936137276643327,0.0,0.0
14-Oct-2025,Call,25900,38925.0,5325.0,12.0,12.158848124659247,0.0,0.0
14-Oct-2025,Call,25950,6450.0,150.0,12.05,12.574335256484707,0.0,0.0
14-Oct-2025,Call,26000,220950.0,12450.0,9.9,12.51521817090055,0.0,0.0
14-Oct-2025,Call,26050,3375.0,450.0,9.5,12.810749582122819,0.0,0.0
14-Oct-2025,Call,26200,90075.0,7725.0,7.1,13.295554107990853,0.0,0.0
14-Oct-2025,Call,26300,1425.0,975.0,6.65,13.877978915283451,0.0,0.0
14-Oct-2025,Call,26450,25275.0,2025.0,7.65,15.276281250311813,0.0,0.0
14-Oct-2025,Call,26500,55350.0,12075.0,5.5,14.866259583922382,0.0,0.0
14-Oct-2025,Call,26600,11625.0,750.0,6.35,15.883740003403279,0.0,0.0
14-Oct-2025,Call,26700,20925.0,-3225.0,4.1,15.572125120195373,0.0,0.0
14-Oct-2025,Call,26750,75.0,75.0,9.25,17.919115746489073,0.0,0.0
14-Oct-2025,Call,26800,75.0,75.0,8.15,17.914008840172553,0.0,0.0
14-Oct-2025,Call,26850,4050.0,1050.0,4.0,16.48982039935999,0.0,0.0
14-Oct-2025,Call,26900,3300.0,,3.8,16.69651622758582,0.0,0.0
14-Oct-2025,Call,26950,2025.0,750.0,4.25,17.26803431838844,0.0,0.0
14-Oct-2025,Call,27000,28800.0,75.0,3.75,17.299937698123788,0.0,0.0
14-Oct-2025,Call,27100,600.0,600.0,3.75,17.927119065433367,0.0,0.0
14-Oct-2025,Call,27150,12975.0,1200.0,4.4,18.62362434604224,0.0,0.0
14-Oct-2025,Put,23100,36300.0,8250.0,10.45,16.420694857729416,0.0,0.0
14-Oct-2025,Put,23150,3450.0,2850.0,11.65,16.293657827346397,0.0,0.0
14-Oct-2025,Put,23200,1800.0,,6.75,14.457241883067601,0.0,0.0
14-Oct-2025,Put,23300,8250.0,6525.0,11.9,15.02230637538014,0.0,0.0
14-Oct-2025,Put,23350,75.0,75.0,13.5,14.924740576315298,0.0,0.0
14-Oct-2025,Put,23400,2700.0,300.0,13.6,14.490221871483886,0.0,0.0
14-Oct-2025,Put,23450,450.0,450.0,14.9,14.287189399872629,0.0,0.0
14-Oct-2025,Put,23500,120900.0,91050.0,16.4,14.094839661716946,0.0,0.0
14-Oct-2025,Put,23600,26175.0,5700.0,17.05,13.257497946896867,0.0,0.0
14-Oct-2025,Put,23650,1725.0,1425.0,20.4,13.292247215020419,0.0,0.0
14-Oct-2025,Put,23700,16350.0,8400.0,21.95,13.01600046366313,0.0,0.0
14-Oct-2025,Put,23800,71925.0,45150.0,27.9,12.74184010728635,0.0,0.0
14-Oct-2025,Put,24000,126000.0,10200.0,40.95,11.855132601534041,0.0,0.0
14-Oct-2025,Put,24050,3675.0,2550.0,44.35,11.562176180300257,0.0,0.0
14-Oct-2025,Put,24100,64275.0,36825.0,52.4,11.59912069170845,0.0,0.0
14-Oct-2025,Put,24200,90300.0,45225.0,62.35,11.044242421603201,0.0,0.0
14-Oct-2025,Put,24250,15075.0,7500.0,70.25,10.897475908499468,0.0,0.0
14-Oct-2025,Put,24300,52575.0,52575.0,78.0,10.685025089990113,0.0,0.0
14-Oct-2025,Put,24350,22875.0,9075.0,86.8,10.480555587933631,0.0,0.0
14-Oct-2025,Put,24400,27075.0,27075.0,97.6,10.32914468649449,0.0,0.0
14-Oct-2025,Put,24500,169800.0,33375.0,121.5,9.951049333654227,0.0,0.0
14-Oct-2025,Put,24550,4950.0,4950.0,137.15,9.842336944376756,0.0,0.0
14-Oct-2025,Put,24600,124275.0,63150.0,151.15,9.579025387878923,0.0,0.0
14-Oct-2025,Put,24650,8025.0,8025.0,171.65,9.543488570260724,0.0,0.0
14-Oct-2025,Put,24700,62550.0,62550.0,190.65,9.353766907469671,0.0,0.0
14-Oct-2025,Put,24750,29400.0,9000.0,209.5,9.070868302368885,0.0,0.0
14-Oct-2025,Put,24800,150000.0,59325.0,239.85,9.225333650203574,0.0,0.0
14-Oct-2025,Put,24850,11325.0,,257.65,8.702038152101482,0.0,0.0
14-Oct-2025,Put,24900,87975.0,28200.0,293.6,8.936626911235484,0.0,0.0
14-Oct-2025,Put,24950,6825.0,-7500.0,323.0,8.761751807883032,0.0,0.0
14-Oct-2025,Put,25000,167325.0,36300.0,350.7,8.378395880532171,0.0,0.0
14-Oct-2025,Put,25050,7275.0,-7050.0,389.25,0.0,0.0,0.0
14-Oct-2025,Put,25100,87975.0,-18075.0,419.0,0.0,0.0,0.0
14-Oct-2025,Put,25150,11775.0,-7200.0,456.15,0.0,0.0,0.0
14-Oct-2025,Put,25200,88575.0,-5850.0,499.9,0.0,0.0,0.0
14-Oct-2025,Put,25250,5250.0,-1650.0,543.25,0.0,0.0,0.0
14-Oct-2025,Put,25300,118500.0,-3975.0,587.95,0.0,0.0,0.0
14-Oct-2025,Put,25350,4275.0,-1200.0,626.45,0.0,0.0,0.0
14-Oct-2025,Put,25400,24000.0,-40875.0,676.3,0.0,0.0,0.0
14-Oct-2025,Put,25450,3450.0,-375.0,718.05,0.0,0.0,0.0
14-Oct-2025,Put,25500,25425.0,-6225.0,760.4,0.0,0.0,0.0
14-Oct-2025,Put,25550,900.0,-75.0,825.75,0.0,0.0,0.0
14-Oct-2025,Put,25600,675.0,75.0,781.4,0.0,0.0,0.0
14-Oct-2025,Put,25650,225.0,225.0,899.75,0.0,0.0,0.0
14-Oct-2025,Put,25700,225.0,,549.2,0.0,0.0,0.0
14-Oct-2025,Put,25800,3750.0,750.0,1040.95,0.0,0.0,0.0
14-Oct-2025,Put,25900,150.0,,614.75,0.0,0.0,0.0
14-Oct-2025,Put,25950,75.0,,650.0,0.0,0.0,0.0
14-Oct-2025,Put,26000,29475.0,24075.0,1237.4,0.0,0.0,0.0
14-Oct-2025,Put,26500,150.0,75.0,1733.1,0.0,0.0,0.0
14-Oct-2025,Put,27100,975.0,975.0,2353.6,0.0,0.0,0.0
20-Oct-2025,Call,23800,375.0,,1600.0,42.83490059941742,0.0,0.0
20-Oct-2025,Call,24000,150.0,150.0,845.0,14.093471083467266,0.0,0.0
20-Oct-2025,Call,24300,1425.0,1425.0,593.9,12.784548456540747,0.0,0.0
20-Oct-2025,Call,24400,3000.0,3000.0,503.95,11.824695588899148,0.0,0.0
20-Oct-2025,Call,24500,6900.0,6900.0,441.75,11.938709530872305,0.0,0.0
20-Oct-2025,Call,24600,12450.0,12450.0,374.45,11.631180882850941,0.0,0.0
20-Oct-2025,Call,24700,23250.0,23250.0,310.0,11.243371430046633,0.0,0.0
20-Oct-2025,Call,24750,4800.0,4800.0,281.8,11.131216640391225,0.0,0.0
20-Oct-2025,Call,24800,23550.0,23550.0,258.0,11.138229963636704,0.0,0.0
20-Oct-2025,Call,24850,375.0,375.0,238.15,11.247278851334613,0.0,0.0
20-Oct-2025,Call,24900,26925.0,19575.0,210.0,10.967515659469504,0.0,0.0
20-Oct-2025,Call,24950,3975.0,2025.0,187.9,10.871526822038739,0.0,0.0
20-Oct-2025,Call,25000,60225.0,19725.0,172.9,11.012776530559782,0.0,0.0
20-Oct-2025,Call,25050,1425.0,1425.0,149.45,10.739239694521995,0.0,0.0
20-Oct-2025,Call,25100,18075.0,8025.0,135.1,10.797124465963421,0.0,0.0
20-Oct-2025,Call,25200,36075.0,8250.0,105.6,10.708558791836653,0.0,0.0
20-Oct-2025,Call,25250,6225.0,3375.0,95.1,10.785461690317048,0.0,0.0
20-Oct-2025,Call,25300,28425.0,13275.0,82.85,10.718102983672473,0.0,0.0
20-Oct-2025,Call,25350,4050.0,2325.0,75.0,10.83470384820222,0.0,0.0
20-Oct-2025,Call,25400,14550.0,75.0,66.65,10.877372499839822,0.0,0.0
20-Oct-2025,Call,25450,6000.0,5100.0,58.25,10.86469289476832,0.0,0.0
20-Oct-2025,Call,25500,82050.0,19200.0,52.2,10.954108691612701,0.0,0.0
20-Oct-2025,Call,25550,4425.0,3075.0,45.6,10.958978692796686,0.0,0.0
20-Oct-2025,Call,25600,35250.0,16650.0,42.75,11.20307386700213,0.0,0.0
20-Oct-2025,Call,25800,21600.0,7050.0,26.15,11.425757706668788,0.0,0.0
20-Oct-2025,Call,25850,75.0,,230.3,24.532122985431474,0.0,0.0
20-Oct-2025,Call,26000,141300.0,5100.0,19.95,12.245019659963807,0.0,0.0
20-Oct-2025,Call,26250,75.0,,170.9,25.716736890911662,0.0,0.0
20-Oct-2025,Call,26500,16800.0,-2400.0,8.35,13.566358444141224,0.0,0.0
20-Oct-2025,Call,26600,2700.0,225.0,5.75,13.39896022975305,0.0,0.0
20-Oct-2025,Call,26700,4425.0,75.0,6.2,14.144627690937,0.0,0.0
20-Oct-2025,Call,26750,1800.0,750.0,7.75,14.934250309222755,0.0,0.0
20-Oct-2025,Call,26800,1125.0,675.0,4.85,14.224809891962073,0.0,0.0
20-Oct-2025,Call,26850,75.0,,14.95,17.305502349394185,0.0,0.0
20-Oct-2025,Call,26950,75.0,75.0,8.8,16.448055712515586,0.0,0.0
20-Oct-2025,Call,27000,3675.0,2250.0,5.2,15.504639171629492,0.0,0.0
20-Oct-2025,Call,27050,2850.0,-300.0,4.5,15.478053177070429,0.0,0.0
20-Oct-2025,Call,27100,9375.0,900.0,4.7,15.846931348648482,0.0,0.0
20-Oct-2025,Call,27150,1050.0,750.0,2.8,15.08732990755122,0.0,0.0
20-Oct-2025,Put,23150,450.0,450.0,15.25,15.00728367959484,0.0,0.0
20-Oct-2025,Put,23400,300.0,225.0,21.5,13.969780760086792,0.0,0.0
20-Oct-2025,Put,23450,150.0,,15.55,12.665407875857964,0.0,0.0
20-Oct-2025,Put,23500,21150.0,9375.0,29.45,14.103802009890645,0.0,0.0
20-Oct-2025,Put,23600,4950.0,1200.0,28.7,13.129745195258408,0.0,0.0
20-Oct-2025,Put,23800,10950.0,9150.0,41.25,12.488112032787592,0.0,0.0
20-Oct-2025,Put,23850,75.0,75.0,61.9,13.587824493870324,0.0,0.0
20-Oct-2025,Put,23900,300.0,,21.0,9.625056113338468,0.0,0.0
20-Oct-2025,Put,24000,34800.0,15675.0,60.3,11.893222290234009,0.0,0.0
20-Oct-2025,Put,24300,5325.0,5325.0,104.45,10.902626237722346,0.0,0.0
20-Oct-2025,Put,24500,20700.0,4500.0,152.0,10.29792710928286,0.0,0.0
20-Oct-2025,Put,24600,63150.0,63150.0,185.55,10.109038514368187,0.0,0.0
20-Oct-2025,Put,24650,3375.0,3375.0,204.75,10.02720723243159,0.0,0.0
20-Oct-2025,Put,24700,16200.0,16200.0,221.15,9.774316591382911,0.0,0.0
20-Oct-2025,Put,24750,2475.0,2475.0,242.05,9.640271418235205,0.0,0.0
20-Oct-2025,Put,24800,24750.0,16425.0,265.9,9.559304519890297,0.0,0.0
20-Oct-2025,Put,24850,4275.0,1950.0,295.65,9.64875931585969,0.0,0.0
20-Oct-2025,Put,24900,15750.0,9825.0,315.1,9.255969441960728,0.0,0.0
20-Oct-2025,Put,24950,6900.0,4350.0,344.85,9.209250236425593,0.0,0.0
20-Oct-2025,Put,25000,31950.0,2925.0,374.5,9.087026163730277,0.0,0.0
20-Oct-2025,Put,25050,3000.0,,246.25,0.0,0.0,0.0
20-Oct-2025,Put,25100,11025.0,-5175.0,438.25,0.0,0.0,0.0
20-Oct-2025,Put,25150,1725.0,,294.95,0.0,0.0,0.0
20-Oct-2025,Put,25200,16725.0,-7125.0,509.85,0.0,0.0,0.0
20-Oct-2025,Put,25250,2400.0,,540.0,0.0,0.0,0.0
20-Oct-2025,Put,25300,8325.0,-4425.0,594.9,0.0,0.0,0.0
20-Oct-2025,Put,25400,2025.0,-3975.0,684.55,0.0,0.0,0.0
20-Oct-2025,Put,25500,5325.0,-3525.0,762.4,0.0,0.0,0.0
20-Oct-2025,Put,26000,225.0,,1219.95,0.0,0.0,0.0
24-Dec-2029,Put,23000,2550.0,150.0,670.0,16.754780571108153,0.0,0.0
24-Dec-2029,Put,25000,225.0,,1150.0,17.30244868880191,0.0,0.0
24-Dec-2029,Put,26000,75.0,,1354.95,16.974178036000744,0.0,0.0
25-Nov-2025,Call,23000,2775.0,525.0,1959.0,15.79647532844539,0.0,0.0
25-Nov-2025,Call,23200,450.0,,2450.0,37.876213542509205,0.0,0.0
25-Nov-2025,Call,23250,75.0,75.0,1830.0,19.35690149417157,0.0,0.0
25-Nov-2025,Call,23300,225.0,,2300.0,35.39937666826331,0.0,0.0
25-Nov-2025,Call,23500,15975.0,10875.0,1511.0,14.694942539546979,0.0,0.0
25-Nov-2025,Call,23700,225.0,,1750.0,27.035176410286475,0.0,0.0
25-Nov-2025,Call,23750,75.0,,1720.0,27.09697861473157,0.0,0.0
25-Nov-2025,Call,23800,300.0,,1423.5,19.454392205368848,0.0,0.0
25-Nov-2025,Call,23850,375.0,,1318.9,17.332426763226117,0.0,0.0
25-Nov-2025,Call,23900,75.0,,1316.5,18.32203386777665,0.0,0.0
25-Nov-2025,Call,23950,75.0,,1256.9,17.573543917679512,0.0,0.0
25-Nov-2025,Call,24000,37275.0,3675.0,1090.0,13.542395868334845,0.0,0.0
25-Nov-2025,Call,24050,150.0,75.0,1071.95,14.107057796545025,0.0,0.0
25-Nov-2025,Call,24100,300.0,,1630.0,30.42218956149845,0.0,0.0
25-Nov-2025,Call,24150,225.0,,1211.1,19.9957309687999,0.0,0.0
25-Nov-2025,Call,24200,3525.0,450.0,908.95,12.375571268209859,0.0,0.0
25-Nov-2025,Call,24250,150.0,,1034.6,16.88433694496695,0.0,0.0
25-Nov-2025,Call,24300,2550.0,1650.0,848.7,12.611003165143565,0.0,0.0
25-Nov-2025,Call,24350,300.0,,900.95,14.954176242759765,0.0,0.0
25-Nov-2025,Call,24400,2475.0,1800.0,770.0,12.242324820425463,0.0,0.0
25-Nov-2025,Call,24450,300.0,75.0,746.4,12.462977213132529,0.0,0.0
25-Nov-2025,Call,24500,51900.0,13200.0,709.0,12.289033548583728,0.0,0.0
25-Nov-2025,Call,24550,2400.0,1575.0,669.0,12.030908555570448,0.0,0.0
25-Nov-2025,Call,24600,6375.0,3150.0,649.0,12.278745171951968,0.0,0.0
25-Nov-2025,Call,24650,2475.0,2400.0,606.45,11.920344348139045,0.0,0.0
25-Nov-2025,Call,24700,9750.0,6000.0,578.0,11.90776681018054,0.0,0.0
25-Nov-2025,Call,24750,2175.0,1575.0,545.8,11.779516266725503,0.0,0.0
25-Nov-2025,Call,24800,32475.0,16350.0,520.95,11.817275510600558,0.0,0.0
25-Nov-2025,Call,24850,1875.0,825.0,490.0,11.680558315313027,0.0,0.0
25-Nov-2025,Call,24900,29850.0,15000.0,462.85,11.618865948702132,0.0,0.0
25-Nov-2025,Call,24950,2475.0,1500.0,440.6,11.659083418021234,0.0,0.0
25-Nov-2025,Call,25000,564075.0,97050.0,414.95,11.59295609419701,0.0,0.0
25-Nov-2025,Call,25050,1350.0,675.0,382.4,11.331382676314083,0.0,0.0
25-Nov-2025,Call,25100,27975.0,4500.0,359.45,11.289327533299812,0.0,0.0
25-Nov-2025,Call,25150,3825.0,1125.0,338.0,11.263509705088195,0.0,0.0
25-Nov-2025,Call,25200,108000.0,55125.0,317.0,11.227308097907654,0.0,0.0
25-Nov-2025,Call,25250,4275.0,1950.0,295.15,11.146537533963738,0.0,0.0
25-Nov-2025,Call,25300,48675.0,10050.0,276.5,11.12675595539692,0.0,0.0
25-Nov-2025,Call,25350,3900.0,2100.0,258.2,11.09411537578354,0.0,0.0
25-Nov-2025,Call,25400,45000.0,9375.0,241.1,11.071534067494387,0.0,0.0
25-Nov-2025,Call,25450,5475.0,3525.0,223.35,11.008188079775321,0.0,0.0
25-Nov-2025,Call,25500,672000.0,141975.0,211.05,11.076094171153647,0.0,0.0
25-Nov-2025,Call,25550,4200.0,1275.0,193.25,10.9646018427546,0.0,0.0
25-Nov-2025,Call,25600,75450.0,43650.0,181.95,11.020878802507838,0.0,0.0
25-Nov-2025,Call,25650,5100.0,1125.0,163.5,10.837396883303438,0.0,0.0
25-Nov-2025,Call,25700,47100.0,11775.0,151.55,10.828362183021694,0.0,0.0
25-Nov-2025,Call,25750,2775.0,900.0,139.1,10.780202629205329,0.0,0.0
25-Nov-2025,Call,25800,131025.0,56775.0,126.9,10.71510761804094,0.0,0.0
25-Nov-2025,Call,25850,31950.0,5325.0,119.85,10.806620345450343,0.0,0.0
25-Nov-2025,Call,25900,84150.0,64050.0,107.75,10.69639321851587,0.0,0.0
25-Nov-2025,Call,26000,1034100.0,44850.0,98.2,10.966613848359335,0.0,0.0
25-Nov-2025,Call,26100,95550.0,-6750.0,83.0,10.949964248776888,0.0,0.0
25-Nov-2025,Call,26150,4050.0,-1125.0,74.85,10.882908338323832,0.0,0.0
25-Nov-2025,Call,26200,214875.0,-49800.0,69.55,10.923073653589189,0.0,0.0
25-Nov-2025,Call,26300,91050.0,2400.0,60.35,11.022561003571795,0.0,0.0
25-Nov-2025,Call,26500,434400.0,-69075.0,43.5,11.105933100192274,0.0,0.0
25-Nov-2025,Call,26600,16950.0,-150.0,38.25,11.250700529789418,0.0,0.0
25-Nov-2025,Call,26700,11550.0,1650.0,32.05,11.27100114596479,0.0,0.0
25-Nov-2025,Call,26800,138075.0,-10350.0,31.45,11.68604345493452,0.0,0.0
25-Nov-2025,Call,27000,297750.0,3375.0,24.0,11.91624353193636,0.0,0.0
25-Nov-2025,Call,27150,32100.0,-675.0,16.55,11.720775726424481,0.0,0.0
25-Nov-2025,Put,22700,67650.0,9000.0,34.65,14.534085060499843,0.0,0.0
25-Nov-2025,Put,22750,4125.0,-5775.0,33.05,14.114675082359346,0.0,0.0
25-Nov-2025,Put,22800,11700.0,300.0,38.95,14.348044682279337,0.0,0.0
25-Nov-2025,Put,22850,900.0,,29.3,13.223798744766183,0.0,0.0
25-Nov-2025,Put,22900,6675.0,600.0,44.1,14.186049651142485,0.0,0.0
25-Nov-2025,Put,22950,1200.0,,31.35,12.8689297573843,0.0,0.0
25-Nov-2025,Put,23000,363750.0,99225.0,47.1,13.827710556541618,0.0,0.0
25-Nov-2025,Put,23050,150.0,150.0,46.85,13.519027010551046,0.0,0.0
25-Nov-2025,Put,23100,5325.0,-225.0,53.0,13.640942117044025,0.0,0.0
25-Nov-2025,Put,23150,75.0,,107.25,16.296740155205946,0.0,0.0
25-Nov-2025,Put,23200,8625.0,900.0,58.95,13.41298815681229,0.0,0.0
25-Nov-2025,Put,23300,15225.0,7125.0,55.4,12.591709541300588,0.0,0.0
25-Nov-2025,Put,23400,107475.0,6750.0,69.0,12.743017997277018,0.0,0.0
25-Nov-2025,Put,23500,496050.0,60825.0,79.0,12.611470688982518,0.0,0.0
25-Nov-2025,Put,23600,74850.0,8400.0,87.95,12.373158793978135,0.0,0.0
25-Nov-2025,Put,23650,2700.0,1725.0,90.85,12.166758660610604,0.0,0.0
25-Nov-2025,Put,23700,208875.0,29550.0,98.05,12.13751863007534,0.0,0.0
25-Nov-2025,Put,23800,269550.0,6750.0,111.9,12.001598064675742,0.0,0.0
25-Nov-2025,Put,23850,75.0,,143.5,12.82382168137337,0.0,0.0
25-Nov-2025,Put,23900,256875.0,-17700.0,127.8,11.877225722268747,0.0,0.0
25-Nov-2025,Put,23950,2025.0,2025.0,137.5,11.85158525276446,0.0,0.0
25-Nov-2025,Put,24000,826425.0,34125.0,144.5,11.713186438489462,0.0,0.0
25-Nov-2025,Put,24100,150450.0,-140025.0,162.95,11.541367411346734,0.0,0.0
25-Nov-2025,Put,24150,3150.0,,175.25,11.527426213684913,0.0,0.0
25-Nov-2025,Put,24200,235575.0,675.0,181.4,11.30310615699722,0.0,0.0
25-Nov-2025,Put,24250,4575.0,1950.0,191.95,11.200076056649326,0.0,0.0
25-Nov-2025,Put,24300,221250.0,-13275.0,206.0,11.182493446656702,0.0,0.0
25-Nov-2025,Put,24350,150.0,,262.5,12.34511341723653,0.0,0.0
25-Nov-2025,Put,24400,217425.0,1800.0,229.45,10.952753850368245,0.0,0.0
25-Nov-2025,Put,24450,3075.0,2325.0,245.6,10.933039967297528,0.0,0.0
25-Nov-2025,Put,24500,537675.0,-27450.0,257.35,10.772205596687156,0.0,0.0
25-Nov-2025,Put,24550,3450.0,-2775.0,275.55,10.765506129086553,0.0,0.0
25-Nov-2025,Put,24600,169050.0,3150.0,293.75,10.735929571027022,0.0,0.0
25-Nov-2025,Put,24650,1200.0,825.0,308.1,10.584325914957315,0.0,0.0
25-Nov-2025,Put,24700,125775.0,2250.0,322.0,10.40128846936276,0.0,0.0
25-Nov-2025,Put,24750,5775.0,-1350.0,348.25,10.511940337513968,0.0,0.0
25-Nov-2025,Put,24800,128325.0,9150.0,368.55,10.447231184856607,0.0,0.0
25-Nov-2025,Put,24850,5850.0,375.0,396.0,10.539369091523016,0.0,0.0
25-Nov-2025,Put,24900,41475.0,-2550.0,400.65,10.035753046667098,0.0,0.0
25-Nov-2025,Put,24950,4875.0,-3750.0,437.25,10.310171437553102,0.0,0.0
25-Nov-2025,Put,25000,684750.0,-2550.0,453.0,10.037198662740593,0.0,0.0
25-Nov-2025,Put,25050,3150.0,-600.0,485.85,10.170047348553688,0.0,0.0
25-Nov-2025,Put,25100,37800.0,-1950.0,500.35,9.813081896267981,0.0,0.0
25-Nov-2025,Put,25150,3675.0,-375.0,478.2,0.0,0.0,0.0
25-Nov-2025,Put,25200,52500.0,975.0,553.6,9.633795002346615,0.0,0.0
25-Nov-2025,Put,25250,2475.0,225.0,586.7,0.0,0.0,0.0
25-Nov-2025,Put,25300,52125.0,-8850.0,613.35,0.0,0.0,0.0
25-Nov-2025,Put,25350,1650.0,,479.05,0.0,0.0,0.0
25-Nov-2025,Put,25400,27975.0,-8850.0,676.1,0.0,0.0,0.0
25-Nov-2025,Put,25450,300.0,,532.55,0.0,0.0,0.0
25-Nov-2025,Put,25500,352200.0,-3225.0,745.1,0.0,0.0,0.0
25-Nov-2025,Put,25550,2025.0,-75.0,662.5,0.0,0.0,0.0
25-Nov-2025,Put,25600,22125.0,-2100.0,811.1,0.0,0.0,0.0
25-Nov-2025,Put,25650,4875.0,,436.55,0.0,0.0,0.0
25-Nov-2025,Put,25700,14475.0,8100.0,878.9,0.0,0.0,0.0
25-Nov-2025,Put,25750,3525.0,,709.0,0.0,0.0,0.0
25-Nov-2025,Put,25800,10575.0,-1350.0,961.6,0.0,0.0,0.0
25-Nov-2025,Put,25850,1575.0,,472.95,0.0,0.0,0.0
25-Nov-2025,Put,25900,1125.0,675.0,1053.0,0.0,0.0,0.0
25-Nov-2025,Put,25950,450.0,-525.0,1069.9,0.0,0.0,0.0
25-Nov-2025,Put,26000,213900.0,-28500.0,1120.0,0.0,0.0,0.0
25-Nov-2025,Put,26050,75.0,,710.45,0.0,0.0,0.0
25-Nov-2025,Put,26100,1725.0,,634.15,0.0,0.0,0.0
25-Nov-2025,Put,26150,225.0,,1150.85,0.0,0.0,0.0
25-Nov-2025,Put,26200,2700.0,75.0,1299.0,0.0,0.0,0.0
25-Nov-2025,Put,26250,150.0,,1269.2,0.0,0.0,0.0
25-Nov-2025,Put,26300,450.0,,1107.0,0.0,0.0,0.0
25-Nov-2025,Put,26350,375.0,,1319.65,0.0,0.0,0.0
25-Nov-2025,Put,26400,675.0,,1327.0,0.0,0.0,0.0
25-Nov-2025,Put,26450,750.0,,1000.0,0.0,0.0,0.0
25-Nov-2025,Put,26500,72300.0,-75.0,1568.0,0.0,0.0,0.0
25-Nov-2025,Put,27000,9450.0,1050.0,2040.0,0.0,0.0,0.0
26-Dec-2028,Call,28000,975.0,,2864.0,11.385082739778312,0.0,0.0
26-Dec-2028,Call,30000,7950.0,,2558.0,14.531817952596215,0.0,0.0
26-Dec-2028,Put,18000,75.0,,250.0,20.14745819970901,0.0,0.0
26-Dec-2028,Put,20000,1100.0,,330.0,17.988864459212756,0.0,0.0
26-Dec-2028,Put,21000,1250.0,,618.05,19.860272106474326,0.0,0.0
26-Dec-2028,Put,22000,300.0,75.0,464.0,16.283517647389683,0.0,0.0
26-Dec-2028,Put,23000,3300.0,,675.05,16.703812891116044,0.0,0.0
26-Dec-2028,Put,24000,1800.0,,888.05,16.72451208416981,0.0,0.0
26-Dec-2028,Put,25000,3700.0,150.0,1160.0,16.89599004359163,0.0,0.0
26-Jun-2029,Put,24000,25.0,,694.05,15.220355675585315,0.0,0.0
26-Jun-2029,Put,26000,50.0,,900.0,0.0,0.0,0.0
27-Jun-2028,Put,22000,325.0,,470.05,16.51930239909327,0.0,0.0
28-Dec-2027,Call,25000,225.0,75.0,4000.0,16.755248749783156,0.0,0.0
28-Dec-2027,Put,15000,625.0,,3.05,15.026198837302251,0.0,0.0
28-Dec-2027,Put,17000,14200.0,,94.05,19.499799235866437,0.0,0.0
28-Dec-2027,Put,18000,11625.0,,150.0,19.38195243660403,0.0,0.0
28-Dec-2027,Put,19000,525.0,,299.95,20.69305808320884,0.0,0.0
28-Dec-2027,Put,20000,3950.0,,251.9,17.705780782891107,0.0,0.0
28-Dec-2027,Put,21000,1025.0,,340.0,17.15990959353802,0.0,0.0
28-Dec-2027,Put,22000,1525.0,,460.0,16.727031500405165,0.0,0.0
28-Dec-2027,Put,23000,3000.0,150.0,550.0,15.63754289277497,0.0,0.0
28-Dec-2027,Put,24000,3525.0,,915.0,16.958244463263895,0.0,0.0
28-Dec-2027,Put,25000,2100.0,150.0,1020.05,15.424143376893962,0.0,0.0
28-Dec-2027,Put,26000,675.0,,1210.6,0.0,0.0,0.0
28-Dec-2027,Put,27000,300.0,,1529.95,0.0,0.0,0.0
28-Oct-2025,Call,22600,1125.0,,2490.0,38.48899631644897,0.0,0.0
28-Oct-2025,Call,22700,10800.0,300.0,2090.0,16.443212137604363,0.0,0.0
28-Oct-2025,Call,22800,42900.0,11325.0,2014.15,18.93290254137777,0.0,0.0
28-Oct-2025,Call,22850,75.0,,2059.75,25.92773915386123,0.0,0.0
28-Oct-2025,Call,22900,75.0,,2014.25,25.709119488682052,0.0,0.0
28-Oct-2025,Call,22950,75.0,,1969.0,25.49606040023779,0.0,0.0
28-Oct-2025,Call,23000,445500.0,99000.0,1825.0,18.323465426702843,0.0,0.0
28-Oct-2025,Call,23050,75.0,,1879.4,25.092246696058517,0.0,0.0
28-Oct-2025,Call,23100,600.0,150.0,1740.0,18.72999812659491,0.0,0.0
28-Oct-2025,Call,23150,75.0,,1790.35,24.676567478990457,0.0,0.0
28-Oct-2025,Call,23200,825.0,150.0,1650.0,18.59017986058477,0.0,0.0
28-Oct-2025,Call,23250,75.0,,1702.25,24.26813127255191,0.0,0.0
28-Oct-2025,Call,23300,900.0,750.0,1529.0,16.077496736857157,0.0,0.0
28-Oct-2025,Call,23350,450.0,,1646.15,25.39832661389716,0.0,0.0
28-Oct-2025,Call,23400,675.0,-75.0,1428.85,15.192054898230618,0.0,0.0
28-Oct-2025,Call,23450,150.0,,1552.85,24.600754751573277,0.0,0.0
28-Oct-2025,Call,23500,185025.0,15675.0,1343.0,15.356121423189764,0.0,0.0
28-Oct-2025,Call,23550,525.0,-75.0,1299.2,15.319695774767172,0.0,0.0
28-Oct-2025,Call,23600,4200.0,1425.0,1244.0,14.510564280751442,0.0,0.0
28-Oct-2025,Call,23650,450.0,,1204.55,14.729940296125271,0.0,0.0
28-Oct-2025,Call,23700,1125.0,,1130.55,12.672326553465723,0.0,0.0
28-Oct-2025,Call,23750,375.0,-75.0,1104.2,13.760793296709117,0.0,0.0
28-Oct-2025,Call,23800,11175.0,5700.0,1065.15,13.920910432665162,0.0,0.0
28-Oct-2025,Call,23850,150.0,-75.0,1020.5,13.726063819186319,0.0,0.0
28-Oct-2025,Call,23900,1950.0,750.0,984.5,13.96335358786948,0.0,0.0
28-Oct-2025,Call,23950,2325.0,-525.0,942.1,13.828533147041123,0.0,0.0
28-Oct-2025,Call,24000,372525.0,89925.0,896.7,13.525412215053228,0.0,0.0
28-Oct-2025,Call,24050,1800.0,75.0,842.45,12.788784692839455,0.0,0.0
28-Oct-2025,Call,24100,9600.0,1500.0,803.0,12.742463278379452,0.0,0.0
28-Oct-2025,Call,24150,1725.0,-375.0,762.7,12.625095120617003,0.0,0.0
28-Oct-2025,Call,24200,22725.0,9150.0,723.6,12.53007090034997,0.0,0.0
28-Oct-2025,Call,24250,2925.0,375.0,681.65,12.28568043873977,0.0,0.0
28-Oct-2025,Call,24300,35475.0,19950.0,646.0,12.27190286278005,0.0,0.0
28-Oct-2025,Call,24350,2775.0,1350.0,612.35,12.298811735169624,0.0,0.0
28-Oct-2025,Call,24400,41400.0,23175.0,571.05,11.995074151345344,0.0,0.0
28-Oct-2025,Call,24450,7725.0,5100.0,533.5,11.80645593096154,0.0,0.0
28-Oct-2025,Call,24500,511200.0,137775.0,505.7,11.94240431961749,0.0,0.0
28-Oct-2025,Call,24550,12300.0,6075.0,468.3,11.690220261223322,0.0,0.0
28-Oct-2025,Call,24600,149475.0,71025.0,434.15,11.52105585213329,0.0,0.0
28-Oct-2025,Call,24650,25950.0,21825.0,401.15,11.356190077941994,0.0,0.0
28-Oct-2025,Call,24700,338175.0,258525.0,375.45,11.40627479155038,0.0,0.0
28-Oct-2025,Call,24750,40125.0,20925.0,343.0,11.182728780182707,0.0,0.0
28-Oct-2025,Call,24800,660300.0,463425.0,316.95,11.138976825984509,0.0,0.0
28-Oct-2025,Call,24850,25500.0,15075.0,293.45,11.14125449130052,0.0,0.0
28-Oct-2025,Call,24900,525675.0,398550.0,269.75,11.094955486785482,0.0,0.0
28-Oct-2025,Call,24950,42150.0,26775.0,239.4,10.77359390732994,0.0,0.0
28-Oct-2025,Call,25000,2623050.0,813075.0,222.55,10.880013148056694,0.0,0.0
28-Oct-2025,Call,25050,44850.0,9225.0,198.5,10.687191753318965,0.0,0.0
28-Oct-2025,Call,25100,789975.0,238950.0,180.95,10.683050162657967,0.0,0.0
28-Oct-2025,Call,25150,54525.0,16650.0,163.05,10.621908673239778,0.0,0.0
28-Oct-2025,Call,25200,997050.0,189900.0,148.75,10.654376085096574,0.0,0.0
28-Oct-2025,Call,25250,78300.0,23400.0,130.2,10.472800466405834,0.0,0.0
28-Oct-2025,Call,25300,765150.0,151350.0,117.9,10.497008911322732,0.0,0.0
28-Oct-2025,Call,25350,64650.0,6450.0,106.7,10.527554306600567,0.0,0.0
28-Oct-2025,Call,25400,763050.0,311475.0,97.3,10.599830046209737,0.0,0.0
28-Oct-2025,Call,25450,77925.0,11775.0,85.8,10.533660289009196,0.0,0.0
28-Oct-2025,Call,25500,2744250.0,308550.0,78.0,10.605586084230941,0.0,0.0
28-Oct-2025,Call,25550,70800.0,5850.0,67.65,10.503675084147952,0.0,0.0
28-Oct-2025,Call,25600,452775.0,-47400.0,61.6,10.593197284575202,0.0,0.0
28-Oct-2025,Call,25650,50550.0,-1875.0,56.25,10.692979165263127,0.0,0.0
28-Oct-2025,Call,25700,631800.0,-18075.0,48.35,10.596574841631854,0.0,0.0
28-Oct-2025,Call,25750,57150.0,-3600.0,45.1,10.76790323649887,0.0,0.0
28-Oct-2025,Call,25800,737700.0,66900.0,41.75,10.911759716384903,0.0,0.0
28-Oct-2025,Call,25850,37950.0,-14625.0,40.4,11.185831829965396,0.0,0.0
28-Oct-2025,Call,25900,349275.0,1950.0,34.3,11.069266821347595,0.0,0.0
28-Oct-2025,Call,25950,87450.0,-15975.0,32.1,11.237333026718813,0.0,0.0
28-Oct-2025,Call,26000,4002750.0,84825.0,30.1,11.406953609156187,0.0,0.0
28-Oct-2025,Call,26100,525300.0,-30450.0,25.5,11.636271723856268,0.0,0.0
28-Oct-2025,Call,26200,467625.0,-9825.0,21.8,11.881630469712103,0.0,0.0
28-Oct-2025,Call,26250,118425.0,-4275.0,19.2,11.881783206583792,0.0,0.0
28-Oct-2025,Call,26300,641325.0,21600.0,19.4,12.217575917485075,0.0,0.0
28-Oct-2025,Call,26400,323925.0,-71475.0,15.75,12.32136155312052,0.0,0.0
28-Oct-2025,Call,26500,1327500.0,-56475.0,13.85,12.609207459163525,0.0,0.0
28-Oct-2025,Call,26650,22575.0,-225.0,11.75,13.08607711828281,0.0,0.0
28-Oct-2025,Call,26700,14475.0,3525.0,11.35,13.285023645745778,0.0,0.0
28-Oct-2025,Call,26750,15825.0,-5175.0,9.0,13.053095500052347,0.0,0.0
28-Oct-2025,Call,26800,622425.0,-55350.0,9.25,13.377450407871693,0.0,0.0
28-Oct-2025,Call,26950,1500.0,1500.0,7.5,13.719163768026327,0.0,0.0
28-Oct-2025,Call,27000,1136775.0,218550.0,6.5,13.681977462043054,0.0,0.0
28-Oct-2025,Call,27050,1125.0,,6.0,13.772772081683385,0.0,0.0
28-Oct-2025,Call,27100,3900.0,-150.0,6.6,14.21308966536587,0.0,0.0
28-Oct-2025,Call,27150,15075.0,,5.95,14.249173285641334,0.0,0.0
28-Oct-2025,Put,22600,1086675.0,166125.0,12.0,16.261232441412382,0.0,0.0
28-Oct-2025,Put,22650,12375.0,,14.5,16.457295129099812,0.0,0.0
28-Oct-2025,Put,22700,47100.0,-1875.0,15.35,16.28430152980243,0.0,0.0
28-Oct-2025,Put,22750,4050.0,,11.1,15.078137289917004,0.0,0.0
28-Oct-2025,Put,22800,217575.0,2550.0,14.85,15.51379127673982,0.0,0.0
28-Oct-2025,Put,22850,2775.0,,11.7,14.556136213519427,0.0,0.0
28-Oct-2025,Put,22900,27375.0,2550.0,17.3,15.260440387808346,0.0,0.0
28-Oct-2025,Put,22950,3900.0,-75.0,17.45,14.9390908573362,0.0,0.0
28-Oct-2025,Put,23000,1342200.0,227775.0,19.85,14.960575067851881,0.0,0.0
28-Oct-2025,Put,23050,28200.0,-900.0,20.6,14.715325519546077,0.0,0.0
28-Oct-2025,Put,23100,70575.0,6300.0,22.95,14.679154354966109,0.0,0.0
28-Oct-2025,Put,23150,21675.0,-2400.0,23.0,14.323825527154979,0.0,0.0
28-Oct-2025,Put,23200,264000.0,41925.0,24.55,14.155141855040288,0.0,0.0
28-Oct-2025,Put,23250,3075.0,-750.0,27.6,14.145405345131271,0.0,0.0
28-Oct-2025,Put,23300,219900.0,122175.0,28.0,13.815637125929634,0.0,0.0
28-Oct-2025,Put,23350,6900.0,-1275.0,29.2,13.568694433521808,0.0,0.0
28-Oct-2025,Put,23400,225900.0,67800.0,33.6,13.632769646670944,0.0,0.0
28-Oct-2025,Put,23450,9450.0,975.0,35.55,13.427579766747078,0.0,0.0
28-Oct-2025,Put,23500,1395675.0,90675.0,38.85,13.328574608931037,0.0,0.0
28-Oct-2025,Put,23550,14325.0,-1200.0,38.2,12.871306142873474,0.0,0.0
28-Oct-2025,Put,23600,193575.0,30000.0,40.95,12.699178906227859,0.0,0.0
28-Oct-2025,Put,23650,20850.0,8550.0,45.15,12.622005575008943,0.0,0.0
28-Oct-2025,Put,23700,378225.0,199350.0,48.35,12.443421596660183,0.0,0.0
28-Oct-2025,Put,23750,23475.0,6600.0,51.8,12.2638721862406,0.0,0.0
28-Oct-2025,Put,23800,495900.0,131325.0,57.0,12.181282051180439,0.0,0.0
28-Oct-2025,Put,23850,27900.0,8025.0,63.25,12.134674371501314,0.0,0.0
28-Oct-2025,Put,23900,360900.0,32100.0,66.95,11.90363657001115,0.0,0.0
28-Oct-2025,Put,23950,55575.0,10425.0,73.65,11.825697924619611,0.0,0.0
28-Oct-2025,Put,24000,2624700.0,-102750.0,80.85,11.742926123486077,0.0,0.0
28-Oct-2025,Put,24050,68325.0,10575.0,86.05,11.525906644793018,0.0,0.0
28-Oct-2025,Put,24100,258000.0,-8100.0,93.5,11.398504419618472,0.0,0.0
28-Oct-2025,Put,24150,34125.0,10650.0,101.8,11.281614263071841,0.0,0.0
28-Oct-2025,Put,24200,728325.0,216075.0,112.0,11.219116826463866,0.0,0.0
28-Oct-2025,Put,24250,39825.0,-1800.0,119.1,10.98587243119745,0.0,0.0
28-Oct-2025,Put,24300,839475.0,58200.0,129.0,10.844973307347972,0.0,0.0
28-Oct-2025,Put,24350,47700.0,8925.0,141.4,10.77254116378521,0.0,0.0
28-Oct-2025,Put,24400,512775.0,106875.0,154.6,10.693199073762075,0.0,0.0
28-Oct-2025,Put,24450,37500.0,-6900.0,166.35,10.520183704803863,0.0,0.0
28-Oct-2025,Put,24500,1885050.0,8475.0,184.0,10.531009512661349,0.0,0.0
28-Oct-2025,Put,24550,37950.0,-16050.0,198.85,10.395934005913883,0.0,0.0
28-Oct-2025,Put,24600,755850.0,329775.0,217.65,10.362027235305888,0.0,0.0
28-Oct-2025,Put,24650,68550.0,30000.0,237.05,10.305461507404617,0.0,0.0
28-Oct-2025,Put,24700,910725.0,238800.0,256.0,10.189701918029796,0.0,0.0
28-Oct-2025,Put,24750,105825.0,51300.0,268.4,9.804993244909857,0.0,0.0
28-Oct-2025,Put,24800,1134825.0,142050.0,297.9,9.963347445792403,0.0,0.0
28-Oct-2025,Put,24850,57450.0,12300.0,316.4,9.696404139433545,0.0,0.0
28-Oct-2025,Put,24900,684600.0,258750.0,346.0,9.763865873617329,0.0,0.0
28-Oct-2025,Put,24950,88800.0,4125.0,366.75,9.473777226847876,0.0,0.0
28-Oct-2025,Put,25000,2772825.0,190875.0,395.1,9.397427708489111,0.0,0.0
28-Oct-2025,Put,25050,30675.0,-10350.0,425.85,9.35621675101223,0.0,0.0
28-Oct-2025,Put,25100,544650.0,-37575.0,460.8,9.421738191415185,0.0,0.0
28-Oct-2025,Put,25150,57900.0,-19725.0,485.4,0.0,0.0,0.0
28-Oct-2025,Put,25200,730950.0,10800.0,524.2,0.0,0.0,0.0
28-Oct-2025,Put,25250,66750.0,-9075.0,560.0,0.0,0.0,0.0
28-Oct-2025,Put,25300,343200.0,-38700.0,590.3,0.0,0.0,0.0
28-Oct-2025,Put,25350,41925.0,-10500.0,633.1,0.0,0.0,0.0
28-Oct-2025,Put,25400,281700.0,-67125.0,667.75,0.0,0.0,0.0
28-Oct-2025,Put,25450,14100.0,-675.0,710.05,0.0,0.0,0.0
28-Oct-2025,Put,25500,1065000.0,51675.0,745.65,0.0,0.0,0.0
28-Oct-2025,Put,25550,24375.0,-1350.0,801.9,0.0,0.0,0.0
28-Oct-2025,Put,25600,149475.0,-13725.0,839.95,0.0,0.0,0.0
28-Oct-2025,Put,25650,7950.0,-225.0,893.2,0.0,0.0,0.0
28-Oct-2025,Put,25700,97800.0,-6525.0,919.7,0.0,0.0,0.0
28-Oct-2025,Put,25750,7125.0,-300.0,964.6,0.0,0.0,0.0
28-Oct-2025,Put,25800,80475.0,-10575.0,1010.2,0.0,0.0,0.0
28-Oct-2025,Put,25850,6750.0,-150.0,1078.95,0.0,0.0,0.0
28-Oct-2025,Put,25900,20250.0,-1575.0,1112.95,0.0,0.0,0.0
28-Oct-2025,Put,25950,3675.0,,1153.7,0.0,0.0,0.0
28-Oct-2025,Put,26000,880875.0,158550.0,1192.9,0.0,0.0,0.0
28-Oct-2025,Put,26050,1800.0,,1249.45,0.0,0.0,0.0
28-Oct-2025,Put,26100,14775.0,-75.0,1300.0,0.0,0.0,0.0
28-Oct-2025,Put,26150,1200.0,75.0,1335.85,0.0,0.0,0.0
28-Oct-2025,Put,26200,41625.0,-4875.0,1385.0,0.0,0.0,0.0
28-Oct-2025,Put,26250,1125.0,75.0,1444.55,0.0,0.0,0.0
28-Oct-2025,Put,26300,8550.0,-225.0,1505.8,0.0,0.0,0.0
28-Oct-2025,Put,26350,1050.0,,986.95,0.0,0.0,0.0
28-Oct-2025,Put,26400,9675.0,,1583.0,0.0,0.0,0.0
28-Oct-2025,Put,26450,1200.0,75.0,1625.05,0.0,0.0,0.0
28-Oct-2025,Put,26500,288750.0,24225.0,1675.1,0.0,0.0,0.0
28-Oct-2025,Put,26550,450.0,75.0,1723.55,0.0,0.0,0.0
28-Oct-2025,Put,26600,4125.0,450.0,1765.0,0.0,0.0,0.0
28-Oct-2025,Put,26650,300.0,,1535.4,0.0,0.0,0.0
28-Oct-2025,Put,26700,3000.0,225.0,1878.9,0.0,0.0,0.0
28-Oct-2025,Put,26750,600.0,,1521.75,0.0,0.0,0.0
28-Oct-2025,Put,26800,6975.0,,1906.0,0.0,0.0,0.0
28-Oct-2025,Put,26850,750.0,75.0,1949.0,0.0,0.0,0.0
28-Oct-2025,Put,26900,2400.0,,1647.0,0.0,0.0,0.0
28-Oct-2025,Put,26950,1425.0,,1579.65,0.0,0.0,0.0
28-Oct-2025,Put,27000,379125.0,51600.0,2165.0,0.0,0.0,0.0
28-Oct-2025,Put,27100,150.0,75.0,2112.3,0.0,0.0,0.0
28-Oct-2025,Put,27150,825.0,750.0,2180.0,0.0,0.0,0.0
29-Dec-2026,Call,16000,50.0,,6200.0,0.0,0.0,0.0
29-Dec-2026,Call,19000,125.0,,8600.0,45.00862160574092,0.0,0.0
29-Dec-2026,Call,22000,1500.0,,5000.0,22.610519127809347,0.0,0.0
29-Dec-2026,Call,23000,4800.0,,3900.0,17.154944160913054,0.0,0.0
29-Dec-2026,Call,24000,8025.0,300.0,3110.0,15.65107736448751,0.0,0.0
29-Dec-2026,Call,25000,55550.0,2550.0,2438.0,14.931334164201877,0.0,0.0
29-Dec-2026,Call,26000,27750.0,1350.0,1823.0,14.092272049548002,0.0,0.0
29-Dec-2026,Call,27000,61875.0,-2175.0,1323.3,13.571725596857643,0.0,0.0
29-Dec-2026,Call,28000,39675.0,-1275.0,920.0,13.121356818162264,0.0,0.0
29-Dec-2026,Call,29000,36975.0,825.0,597.0,12.58758334656283,0.0,0.0
29-Dec-2026,Call,30000,55725.0,150.0,385.0,12.378451208072885,0.0,0.0
29-Dec-2026,Call,31000,19350.0,450.0,232.0,12.094368397451488,0.0,0.0
29-Dec-2026,Put,12000,500.0,,20.05,30.711929107891393,0.0,0.0
29-Dec-2026,Put,13000,2025.0,,20.3,27.89571125399722,0.0,0.0
29-Dec-2026,Put,14000,2225.0,,29.6,26.579617677511003,0.0,0.0
29-Dec-2026,Put,15000,1475.0,,20.55,22.795286941297636,0.0,0.0
29-Dec-2026,Put,16000,2425.0,,23.3,20.821127018798148,0.0,0.0
29-Dec-2026,Put,17000,2850.0,,97.05,23.594106833829546,0.0,0.0
29-Dec-2026,Put,18000,5950.0,,132.0,22.41823420387113,0.0,0.0
29-Dec-2026,Put,19000,1725.0,,102.05,18.75425639725958,0.0,0.0
29-Dec-2026,Put,20000,41625.0,950.0,162.0,18.220871418063293,0.0,0.0
29-Dec-2026,Put,21000,36350.0,225.0,211.0,16.883526519866145,0.0,0.0
29-Dec-2026,Put,22000,57725.0,10500.0,295.0,15.903039855464723,0.0,0.0
29-Dec-2026,Put,23000,61375.0,,425.0,15.147629394218864,0.0,0.0
29-Dec-2026,Put,24000,91225.0,2625.0,621.0,14.616073895991107,0.0,0.0
29-Dec-2026,Put,25000,188675.0,525.0,869.85,13.957748947944037,0.0,0.0
29-Dec-2026,Put,26000,113925.0,-1050.0,1160.0,0.0,0.0,0.0
29-Dec-2026,Put,27000,48750.0,375.0,1575.0,0.0,0.0,0.0
29-Dec-2026,Put,28000,31125.0,2025.0,2060.0,0.0,0.0,0.0
29-Jun-2027,Call,19000,75.0,,7800.0,20.883629228433364,0.0,0.0
29-Jun-2027,Call,24000,600.0,,3850.0,16.03795604787613,0.0,0.0
29-Jun-2027,Put,18000,100.0,,93.95,18.808409418098538,0.0,0.0
29-Jun-2027,Put,19000,600.0,,182.1,19.38231582695843,0.0,0.0
29-Jun-2027,Put,21000,800.0,,225.05,15.925373955867423,0.0,0.0
30-Dec-2025,Call,16000,350.0,,9565.0,85.17917742218,0.0,0.0
30-Dec-2025,Call,17000,52825.0,51675.0,7915.0,0.0,0.0,0.0
30-Dec-2025,Call,18000,62425.0,975.0,6954.15,30.677056672381987,0.0,0.0
30-Dec-2025,Call,19000,10550.0,,6271.2,47.217969418708364,0.0,0.0
30-Dec-2025,Call,19500,1150.0,,5980.0,51.66885678507307,0.0,0.0
30-Dec-2025,Call,20000,350975.0,16025.0,5020.0,26.131076517139373,0.0,0.0
30-Dec-2025,Call,21000,350050.0,9750.0,4082.2,24.541552973859435,0.0,0.0
30-Dec-2025,Call,22000,451775.0,200.0,3115.45,20.2585812878849,0.0,0.0
30-Dec-2025,Call,23000,560000.0,60625.0,2181.4,16.778047390882776,0.0,0.0
30-Dec-2025,Call,24000,1015575.0,27150.0,1314.8,13.887801630721041,0.0,0.0
30-Dec-2025,Call,25000,1974975.0,97025.0,640.0,12.343002662354804,0.0,0.0
30-Dec-2025,Call,26000,4079500.0,191325.0,232.85,11.496308724526205,0.0,0.0
30-Dec-2025,Call,27000,2308350.0,75625.0,75.55,11.699539073041162,0.0,0.0
30-Dec-2025,Call,28000,1563575.0,-54225.0,27.0,12.512451212084757,0.0,0.0
30-Dec-2025,Call,29000,802550.0,72750.0,10.5,13.433874574769945,0.0,0.0
30-Dec-2025,Call,30000,582900.0,2925.0,8.5,15.577841577015072,0.0,0.0
30-Dec-2025,Call,31000,254525.0,3600.0,5.0,16.855839411205796,0.0,0.0
30-Dec-2025,Put,13000,19175.0,600.0,4.5,47.54991378908567,0.0,0.0
30-Dec-2025,Put,15000,11425.0,2400.0,6.8,39.56320404826552,0.0,0.0
30-Dec-2025,Put,16000,15550.0,2775.0,6.0,34.489506825466826,0.0,0.0
30-Dec-2025,Put,16500,3900.0,,7.7,33.2587028219834,0.0,0.0
30-Dec-2025,Put,17000,72425.0,34800.0,7.25,30.87422786654216,0.0,0.0
30-Dec-2025,Put,18000,155375.0,-2250.0,11.1,28.186225165852246,0.0,0.0
30-Dec-2025,Put,19000,369525.0,6300.0,16.25,25.346938922059802,0.0,0.0
30-Dec-2025,Put,20000,800150.0,21800.0,20.9,22.019389686710202,0.0,0.0
30-Dec-2025,Put,21000,1142050.0,12900.0,30.35,19.044841671692627,0.0,0.0
30-Dec-2025,Put,22000,1660375.0,-39075.0,46.4,16.091110341868873,0.0,0.0
30-Dec-2025,Put,23000,2810050.0,170550.0,88.3,13.654067418086003,0.0,0.0
30-Dec-2025,Put,24000,3697500.0,7425.0,210.0,11.92304160329483,0.0,0.0
30-Dec-2025,Put,25000,3202125.0,-202050.0,524.7,10.881305881739372,0.0,0.0
30-Dec-2025,Put,26000,3047300.0,147725.0,1066.15,0.0,0.0,0.0
30-Dec-2025,Put,27000,816125.0,-9925.0,1904.9,0.0,0.0,0.0
30-Dec-2025,Put,28000,799300.0,1075.0,2836.2,0.0,0.0,0.0
30-Dec-2025,Put,29000,486750.0,128550.0,3771.05,0.0,0.0,0.0
30-Dec-2025,Put,30000,175750.0,23025.0,4753.55,0.0,0.0,0.0
30-Jun-2026,Call,12000,50.0,,8690.0,0.0,0.0,0.0
30-Jun-2026,Call,18000,100.0,,7400.0,0.0,0.0,0.0
30-Jun-2026,Call,19000,100.0,,5792.0,0.0,0.0,0.0
30-Jun-2026,Call,24000,4650.0,975.0,2258.0,14.59691238896006,0.0,0.0
30-Jun-2026,Call,25000,2625.0,975.0,1569.8,13.587423967035688,0.0,0.0
30-Jun-2026,Call,26000,14575.0,1125.0,984.0,12.50886044040882,0.0,0.0
30-Jun-2026,Call,27000,3825.0,1125.0,588.0,12.136503706950721,0.0,0.0
30-Jun-2026,Call,30000,5625.0,600.0,98.05,12.15740166457484,0.0,0.0
30-Jun-2026,Put,12000,325.0,,20.05,38.157999683017096,0.0,0.0
30-Jun-2026,Put,13000,200.0,,21.6,34.81320794496956,0.0,0.0
30-Jun-2026,Put,14000,1525.0,,20.05,31.053928849680435,0.0,0.0
30-Jun-2026,Put,15000,1275.0,50.0,35.0,30.16400211167751,0.0,0.0
30-Jun-2026,Put,16000,2275.0,,21.0,25.017382113040327,0.0,0.0
30-Jun-2026,Put,19000,250.0,,205.7,26.375046079237695,0.0,0.0
30-Jun-2026,Put,20000,351825.0,,67.9,17.66641038038803,0.0,0.0
30-Jun-2026,Put,21000,361050.0,-525.0,111.0,16.580499535024167,0.0,0.0
30-Jun-2026,Put,22000,8175.0,450.0,150.0,14.734236777340982,0.0,0.0
30-Jun-2026,Put,23000,14425.0,-600.0,255.0,13.843990304720585,0.0,0.0
30-Jun-2026,Put,24000,62100.0,1800.0,396.7,12.573243833957031,0.0,0.0
30-Jun-2026,Put,25000,65775.0,6450.0,650.0,11.702733799871455,0.0,0.0
30-Jun-2026,Put,26000,19575.0,2025.0,1055.0,0.0,0.0,0.0
30-Sep-2025,Call,17000,128550.0,-28125.0,7711.85,188.50314514101822,0.0,0.0
30-Sep-2025,Call,18000,9600.0,-525.0,6708.0,160.4949113989037,0.0,0.0
30-Sep-2025,Call,19000,2925.0,,6000.05,223.0973192159178,0.0,0.0
30-Sep-2025,Call,20000,45225.0,-20775.0,4699.1,108.15178616790098,0.0,0.0
30-Sep-2025,Call,21000,245250.0,-37500.0,3695.5,84.38417339030374,0.0,0.0
30-Sep-2025,Call,22000,153300.0,-63525.0,2702.55,66.35167554513289,0.0,0.0
30-Sep-2025,Call,22600,2775.0,,2813.55,159.04085358645185,0.0,0.0
30-Sep-2025,Call,22650,75.0,,2169.5,78.53540080492533,0.0,0.0
30-Sep-2025,Call,22700,375.0,,2380.0,114.76690459828257,0.0,0.0
30-Sep-2025,Call,22750,75.0,,2065.95,75.1427058013412,0.0,0.0
30-Sep-2025,Call,22800,60375.0,-9750.0,1899.7,48.098640558400575,0.0,0.0
30-Sep-2025,Call,22850,150.0,,2011.6,79.69765272853884,0.0,0.0
30-Sep-2025,Call,22900,750.0,,2232.0,114.3754290531041,0.0,0.0
30-Sep-2025,Call,22950,75.0,,1911.0,76.66126513976536,0.0,0.0
30-Sep-2025,Call,23000,587700.0,-114000.0,1699.7,43.796670128534274,0.0,0.0
30-Sep-2025,Call,23050,75.0,,1811.95,73.84162304627979,0.0,0.0
30-Sep-2025,Call,23100,1800.0,-675.0,1593.0,39.39489779454871,0.0,0.0
30-Sep-2025,Call,23150,75.0,,1716.6,71.53138333275282,0.0,0.0
30-Sep-2025,Call,23200,2175.0,-450.0,1485.75,34.53868809815086,0.0,0.0
30-Sep-2025,Call,23250,150.0,,1845.0,97.56034093282746,0.0,0.0
30-Sep-2025,Call,23300,4200.0,-600.0,1390.0,34.164992661519065,0.0,0.0
30-Sep-2025,Call,23350,375.0,,1687.1,87.15591384806687,0.0,0.0
30-Sep-2025,Call,23400,4950.0,-1575.0,1301.0,35.4548937271553,0.0,0.0
30-Sep-2025,Call,23450,375.0,,1470.8,69.48619890227292,0.0,0.0
30-Sep-2025,Call,23500,270900.0,-20025.0,1197.8,32.36543845737119,0.0,0.0
30-Sep-2025,Call,23550,900.0,,1453.8,76.26612553948058,0.0,0.0
30-Sep-2025,Call,23600,5175.0,-1725.0,1099.8,30.68812404198395,0.0,0.0
30-Sep-2025,Call,23650,1125.0,-75.0,1031.55,23.885407713102726,0.0,0.0
30-Sep-2025,Call,23700,4350.0,-1275.0,999.8,28.442268507808443,0.0,0.0
30-Sep-2025,Call,23750,1425.0,-375.0,953.95,28.27628217816101,0.0,0.0
30-Sep-2025,Call,23800,16500.0,-2550.0,901.2,26.49553183869515,0.0,0.0
30-Sep-2025,Call,23850,1125.0,-150.0,854.65,26.0918040490062,0.0,0.0
30-Sep-2025,Call,23900,8700.0,-1875.0,801.5,24.24241152422931,0.0,0.0
30-Sep-2025,Call,23950,1125.0,-225.0,748.0,22.315769532628266,0.0,0.0
30-Sep-2025,Call,24000,639600.0,-36450.0,703.0,22.184860063754492,0.0,0.0
30-Sep-2025,Call,24050,2025.0,975.0,652.75,20.930332019411402,0.0,0.0
30-Sep-2025,Call,24100,16725.0,3975.0,601.85,19.543001593440216,0.0,0.0
30-Sep-2025,Call,24150,18225.0,525.0,549.8,17.936980372542422,0.0,0.0
30-Sep-2025,Call,24200,59625.0,3900.0,504.55,17.537525489971227,0.0,0.0
30-Sep-2025,Call,24250,21525.0,10500.0,453.35,16.056813929256656,0.0,0.0
30-Sep-2025,Call,24300,89325.0,36750.0,409.85,15.755418213785532,0.0,0.0
30-Sep-2025,Call,24350,39375.0,28275.0,363.15,14.847726268394196,0.0,0.0
30-Sep-2025,Call,24400,476250.0,419625.0,315.7,13.752977057149582,0.0,0.0
30-Sep-2025,Call,24450,90075.0,68700.0,268.7,12.629648355773645,0.0,0.0
30-Sep-2025,Call,24500,2109450.0,690675.0,225.0,11.781298177492666,0.0,0.0
30-Sep-2025,Call,24550,355575.0,312900.0,184.4,11.092310764033162,0.0,0.0
30-Sep-2025,Call,24600,2334600.0,1757550.0,146.3,10.422036644153389,0.0,0.0
30-Sep-2025,Call,24650,3077475.0,3012375.0,113.25,9.955075091093175,0.0,0.0
30-Sep-2025,Call,24700,7619475.0,6241650.0,85.35,9.629139263519598,0.0,0.0
30-Sep-2025,Call,24750,4455675.0,4255500.0,62.9,9.439932039932811,0.0,0.0
30-Sep-2025,Call,24800,12609075.0,10744425.0,45.1,9.313339250329044,0.0,0.0
30-Sep-2025,Call,24850,6046350.0,5197650.0,33.2,9.453965438511084,0.0,0.0
30-Sep-2025,Call,24900,12014550.0,7583100.0,24.2,9.613339612031819,0.0,0.0
30-Sep-2025,Call,24950,6430800.0,2630325.0,18.05,9.883008666190783,0.0,0.0
30-Sep-2025,Call,25000,18024300.0,1241775.0,13.95,10.259937654154932,0.0,0.0
30-Sep-2025,Call,25050,8143050.0,-52650.0,10.6,10.575883186468667,0.0,0.0
30-Sep-2025,Call,25100,14828475.0,497400.0,8.5,11.016900658925996,0.0,0.0
30-Sep-2025,Call,25150,6808950.0,-505050.0,7.0,11.498286300306395,0.0,0.0
30-Sep-2025,Call,25200,12236700.0,-465225.0,5.7,11.92815025584083,0.0,0.0
30-Sep-2025,Call,25250,6706125.0,859575.0,5.0,12.506855361514354,0.0,0.0
30-Sep-2025,Call,25300,10318950.0,639900.0,4.45,13.094184512504006,0.0,0.0
30-Sep-2025,Call,25350,3726825.0,-1103625.0,4.0,13.681909475508702,0.0,0.0
30-Sep-2025,Call,25400,7560300.0,-2124675.0,3.7,14.315827097653228,0.0,0.0
30-Sep-2025,Call,25450,3250800.0,-1463775.0,3.35,14.88124688945692,0.0,0.0
30-Sep-2025,Call,25500,15935700.0,1899300.0,3.05,15.44237701033987,0.0,0.0
30-Sep-2025,Call,25550,3193425.0,-1523850.0,2.75,15.964508006210623,0.0,0.0
30-Sep-2025,Call,25600,8228550.0,271650.0,2.65,16.629934127397835,0.0,0.0
30-Sep-2025,Call,25650,1699425.0,-601200.0,2.5,17.232400992487744,0.0,0.0
30-Sep-2025,Call,25700,7141875.0,-1116300.0,2.5,17.96814567928501,0.0,0.0
30-Sep-2025,Call,25750,2341950.0,-450750.0,2.25,18.429593570975584,0.0,0.0
30-Sep-2025,Call,25800,6656850.0,-596400.0,2.15,19.030298374106742,0.0,0.0
30-Sep-2025,Call,25850,1113750.0,-889800.0,2.15,19.739437042913586,0.0,0.0
30-Sep-2025,Call,25900,3413625.0,-1401750.0,2.05,20.31686064898074,0.0,0.0
30-Sep-2025,Call,25950,1082475.0,-434250.0,2.0,20.946792211303116,0.0,0.0
30-Sep-2025,Call,26000,17413575.0,-1337250.0,2.0,21.63773842857592,0.0,0.0
30-Sep-2025,Call,26050,1763325.0,-267750.0,1.7,21.875061724865063,0.0,0.0
30-Sep-2025,Call,26100,4226250.0,-600225.0,1.65,22.465209057401868,0.0,0.0
30-Sep-2025,Call,26150,1576575.0,64575.0,1.65,23.131920403485005,0.0,0.0
30-Sep-2025,Call,26200,3835950.0,-1408500.0,1.45,23.431821113692223,0.0,0.0
30-Sep-2025,Call,26250,1562625.0,230775.0,1.4,23.985197975692156,0.0,0.0
30-Sep-2025,Call,26300,5299200.0,623550.0,1.35,24.528527731766548,0.0,0.0
30-Sep-2025,Call,26350,2355600.0,865200.0,1.3,25.061609216279535,0.0,0.0
30-Sep-2025,Call,26400,2842350.0,-50400.0,1.2,25.467509315439308,0.0,0.0
30-Sep-2025,Call,26450,768375.0,92550.0,1.2,26.095984289546305,0.0,0.0
30-Sep-2025,Call,26500,8268750.0,90975.0,1.25,26.84290484500378,0.0,0.0
30-Sep-2025,Call,26550,298950.0,49200.0,1.15,27.217169785276056,0.0,0.0
30-Sep-2025,Call,26600,2144550.0,668025.0,1.4,28.447271571678666,0.0,0.0
30-Sep-2025,Call,26650,234375.0,29850.0,1.1,28.3140179643534,0.0,0.0
30-Sep-2025,Call,26700,1995750.0,954825.0,1.25,29.327348876933012,0.0,0.0
30-Sep-2025,Call,26750,144375.0,-9150.0,1.0,29.23549441241473,0.0,0.0
30-Sep-2025,Call,26800,448950.0,-7350.0,1.05,29.98922479717583,0.0,0.0
30-Sep-2025,Call,26850,125700.0,-9900.0,1.0,30.433845555953674,0.0,0.0
30-Sep-2025,Call,26900,221100.0,-750.0,1.0,31.029497003805638,0.0,0.0
30-Sep-2025,Call,26950,120225.0,-18825.0,0.9,31.282555923168363,0.0,0.0
30-Sep-2025,Call,27000,4718475.0,-171450.0,0.8,31.49319869567604,0.0,0.0
30-Sep-2025,Call,27050,232875.0,106425.0,1.0,32.802824238175155,0.0,0.0
30-Sep-2025,Call,27100,167475.0,21900.0,0.7,32.22280410528927,0.0,0.0
30-Sep-2025,Call,27150,193425.0,42375.0,0.75,33.01127654042542,0.0,0.0
30-Sep-2025,Call,27200,422850.0,197925.0,0.75,33.58017295870482,0.0,0.0
30-Sep-2025,Call,27250,58725.0,22875.0,0.75,34.14706517120452,0.0,0.0
30-Sep-2025,Call,27300,501525.0,36750.0,0.7,34.4819538008973,0.0,0.0
30-Sep-2025,Call,27350,213375.0,12450.0,0.75,35.2749710892886,0.0,0.0
30-Sep-2025,Call,27400,1512600.0,189450.0,0.6,35.086322426304214,0.0,0.0
30-Sep-2025,Call,28000,659700.0,-88875.0,0.55,41.241335233387346,0.0,0.0
30-Sep-2025,Call,29000,577875.0,23850.0,0.5,51.05739870081544,0.0,0.0
30-Sep-2025,Call,30000,961575.0,186150.0,0.45,60.175864446473135,0.0,0.0
30-Sep-2025,Put,17000,227475.0,-81900.0,0.45,111.354011540401,0.0,0.0
30-Sep-2025,Put,18000,72900.0,12825.0,0.5,96.09355659993888,0.0,0.0
30-Sep-2025,Put,19000,123150.0,-2325.0,0.5,80.659771387136,0.0,0.0
30-Sep-2025,Put,20000,467700.0,-37275.0,0.65,67.36565838338436,0.0,0.0
30-Sep-2025,Put,21000,1079925.0,185700.0,0.6,52.441671595385664,0.0,0.0
30-Sep-2025,Put,22000,3241200.0,564975.0,0.8,39.465616363124546,0.0,0.0
30-Sep-2025,Put,22600,1565100.0,169725.0,1.25,32.45987408188879,0.0,0.0
30-Sep-2025,Put,22650,148050.0,30375.0,1.15,31.439889802166824,0.0,0.0
30-Sep-2025,Put,22700,1167150.0,-88950.0,1.35,31.257670988951634,0.0,0.0
30-Sep-2025,Put,22750,132825.0,92175.0,1.15,29.98373372037411,0.0,0.0
30-Sep-2025,Put,22800,1134750.0,235275.0,1.3,29.654663992963737,0.0,0.0
30-Sep-2025,Put,22850,70125.0,23175.0,1.2,28.661740216557696,0.0,0.0
30-Sep-2025,Put,22900,302625.0,195300.0,1.25,28.058161352536086,0.0,0.0
30-Sep-2025,Put,22950,40650.0,3975.0,1.25,27.324208530014005,0.0,0.0
30-Sep-2025,Put,23000,4778625.0,354825.0,1.25,26.58999866251275,0.0,0.0
30-Sep-2025,Put,23050,145875.0,79275.0,1.3,25.97130629877299,0.0,0.0
30-Sep-2025,Put,23100,414150.0,237825.0,1.35,25.343773822922998,0.0,0.0
30-Sep-2025,Put,23150,140925.0,116400.0,1.05,23.908710330581666,0.0,0.0
30-Sep-2025,Put,23200,752700.0,210900.0,1.35,23.86169345112815,0.0,0.0
30-Sep-2025,Put,23250,136500.0,77175.0,1.4,23.219218838879467,0.0,0.0
30-Sep-2025,Put,23300,614400.0,266475.0,1.55,22.75081210630313,0.0,0.0
30-Sep-2025,Put,23350,140850.0,47100.0,1.55,21.997100347989797,0.0,0.0
30-Sep-2025,Put,23400,710850.0,197325.0,1.7,21.487316824343804,0.0,0.0
30-Sep-2025,Put,23450,119250.0,19950.0,1.65,20.64669406074956,0.0,0.0
30-Sep-2025,Put,23500,5266425.0,794100.0,1.95,20.315646204586333,0.0,0.0
30-Sep-2025,Put,23550,231225.0,111675.0,1.95,19.538923332701625,0.0,0.0
30-Sep-2025,Put,23600,1557450.0,499725.0,2.1,18.946967372086647,0.0,0.0
30-Sep-2025,Put,23650,348750.0,174525.0,2.25,18.332324398091437,0.0,0.0
30-Sep-2025,Put,23700,2853900.0,619875.0,2.15,17.427585675993562,0.0,0.0
30-Sep-2025,Put,23750,614100.0,349125.0,2.4,16.893440621313083,0.0,0.0
30-Sep-2025,Put,23800,5389800.0,2613675.0,2.75,16.40993342753202,0.0,0.0
30-Sep-2025,Put,23850,585900.0,349950.0,3.0,15.794325603542475,0.0,0.0
30-Sep-2025,Put,23900,2406300.0,698700.0,3.3,15.184451931498014,0.0,0.0
30-Sep-2025,Put,23950,858675.0,354450.0,3.6,14.539333294988793,0.0,0.0
30-Sep-2025,Put,24000,8999475.0,-594675.0,4.1,13.979323554939032,0.0,0.0
30-Sep-2025,Put,24050,859050.0,415725.0,4.4,13.259931957958823,0.0,0.0
30-Sep-2025,Put,24100,2373675.0,410250.0,4.8,12.559596148366662,0.0,0.0
30-Sep-2025,Put,24150,1364250.0,915075.0,5.45,11.92868204092458,0.0,0.0
30-Sep-2025,Put,24200,5921025.0,613200.0,6.2,11.276033662905546,0.0,0.0
30-Sep-2025,Put,24250,1421550.0,466500.0,7.55,10.752910343030003,0.0,0.0
30-Sep-2025,Put,24300,3943425.0,666675.0,9.4,10.255282904857957,0.0,0.0
30-Sep-2025,Put,24350,1556025.0,434475.0,11.75,9.737823887748362,0.0,0.0
30-Sep-2025,Put,24400,5516325.0,2458650.0,15.2,9.280789532856177,0.0,0.0
30-Sep-2025,Put,24450,2948400.0,1914525.0,19.9,8.831388994750705,0.0,0.0
30-Sep-2025,Put,24500,12388575.0,4198275.0,26.75,8.445937242780161,0.0,0.0
30-Sep-2025,Put,24550,2993925.0,1117650.0,36.2,8.080733370854754,0.0,0.0
30-Sep-2025,Put,24600,9221550.0,3891000.0,49.1,7.7383475959357355,0.0,0.0
30-Sep-2025,Put,24650,5117625.0,2938575.0,65.1,7.295708109123796,0.0,0.0
30-Sep-2025,Put,24700,5925150.0,98550.0,87.3,6.972403616543208,0.0,0.0
30-Sep-2025,Put,24750,2110275.0,-485325.0,114.1,6.529067617000081,0.0,0.0
30-Sep-2025,Put,24800,5238975.0,-2568375.0,145.45,5.831575600320754,0.0,0.0
30-Sep-2025,Put,24850,1405950.0,-1615275.0,183.35,0.0,0.0,0.0
30-Sep-2025,Put,24900,3920775.0,-4561500.0,225.55,0.0,0.0,0.0
30-Sep-2025,Put,24950,1077900.0,-1711500.0,269.0,0.0,0.0,0.0
30-Sep-2025,Put,25000,4982475.0,-4326225.0,314.15,0.0,0.0,0.0
30-Sep-2025,Put,25050,1014375.0,-876900.0,361.6,0.0,0.0,0.0
30-Sep-2025,Put,25100,1996275.0,-2065800.0,408.15,0.0,0.0,0.0
30-Sep-2025,Put,25150,750225.0,-377475.0,456.2,0.0,0.0,0.0
30-Sep-2025,Put,25200,1842375.0,-1205550.0,506.45,0.0,0.0,0.0
30-Sep-2025,Put,25250,409800.0,-163800.0,554.2,0.0,0.0,0.0
30-Sep-2025,Put,25300,1399875.0,-471675.0,605.0,0.0,0.0,0.0
30-Sep-2025,Put,25350,197325.0,-97875.0,657.8,0.0,0.0,0.0
30-Sep-2025,Put,25400,656850.0,-211125.0,702.45,0.0,0.0,0.0
30-Sep-2025,Put,25450,98400.0,-7575.0,757.4,0.0,0.0,0.0
30-Sep-2025,Put,25500,1692750.0,-207375.0,806.85,0.0,0.0,0.0
30-Sep-2025,Put,25550,57675.0,-5925.0,856.4,0.0,0.0,0.0
30-Sep-2025,Put,25600,182325.0,-48450.0,904.0,0.0,0.0,0.0
30-Sep-2025,Put,25650,27750.0,-1050.0,954.15,0.0,0.0,0.0
30-Sep-2025,Put,25700,119550.0,-69825.0,1003.95,0.0,0.0,0.0
30-Sep-2025,Put,25750,18150.0,-1350.0,1056.8,0.0,0.0,0.0
30-Sep-2025,Put,25800,158400.0,-100200.0,1104.8,0.0,0.0,0.0
30-Sep-2025,Put,25850,18000.0,-150.0,1150.25,0.0,0.0,0.0
30-Sep-2025,Put,25900,27900.0,-1200.0,1207.0,0.0,0.0,0.0
30-Sep-2025,Put,25950,14925.0,,1275.0,0.0,0.0,0.0
30-Sep-2025,Put,26000,1219650.0,-142500.0,1304.65,0.0,0.0,0.0
30-Sep-2025,Put,26050,675.0,,1054.2,0.0,0.0,0.0
30-Sep-2025,Put,26100,85875.0,-450.0,1423.4,0.0,0.0,0.0
30-Sep-2025,Put,26150,2700.0,,1122.05,0.0,0.0,0.0
30-Sep-2025,Put,26200,48000.0,-2475.0,1509.75,0.0,0.0,0.0
30-Sep-2025,Put,26250,3300.0,,1195.85,0.0,0.0,0.0
30-Sep-2025,Put,26300,13500.0,-2250.0,1606.0,0.0,0.0,0.0
30-Sep-2025,Put,26350,1350.0,,1304.15,0.0,0.0,0.0
30-Sep-2025,Put,26400,4425.0,-375.0,1708.0,0.0,0.0,0.0
30-Sep-2025,Put,26450,2175.0,-75.0,1768.8,0.0,0.0,0.0
30-Sep-2025,Put,26500,353400.0,-28425.0,1804.85,0.0,0.0,0.0
30-Sep-2025,Put,26550,1200.0,-75.0,1716.45,0.0,0.0,0.0
30-Sep-2025,Put,26600,3975.0,-525.0,1907.3,0.0,0.0,0.0
30-Sep-2025,Put,26650,975.0,,1382.6,0.0,0.0,0.0
30-Sep-2025,Put,26700,6600.0,-75.0,2004.0,0.0,0.0,0.0
30-Sep-2025,Put,26750,675.0,,1465.95,0.0,0.0,0.0
30-Sep-2025,Put,26800,3375.0,-75.0,2050.0,0.0,0.0,0.0
30-Sep-2025,Put,26850,1125.0,,2000.0,0.0,0.0,0.0
30-Sep-2025,Put,26900,1875.0,,1624.05,0.0,0.0,0.0
30-Sep-2025,Put,26950,975.0,,2080.95,0.0,0.0,0.0
30-Sep-2025,Put,27000,535875.0,-69900.0,2301.9,0.0,0.0,0.0
30-Sep-2025,Put,27050,750.0,,1900.0,0.0,0.0,0.0
30-Sep-2025,Put,27100,600.0,,2050.0,0.0,0.0,0.0
30-Sep-2025,Put,27150,1200.0,,1765.0,0.0,0.0,0.0
30-Sep-2025,Put,27200,2400.0,-150.0,2387.25,0.0,0.0,0.0
30-Sep-2025,Put,27250,675.0,,2280.0,0.0,0.0,0.0
30-Sep-2025,Put,27300,900.0,,2289.85,0.0,0.0,0.0
30-Sep-2025,Put,27350,600.0,,1978.3,0.0,0.0,0.0
30-Sep-2025,Put,27400,11775.0,,2435.95,0.0,0.0,0.0
30-Sep-2025,Put,28000,179925.0,-39825.0,3304.0,0.0,0.0,0.0
30-Sep-2025,Put,29000,267000.0,-122775.0,4307.95,0.0,0.0,0.0
30-Sep-2025,Put,30000,23925.0,-13800.0,5312.85,0.0,0.0,0.0
31-Mar-2026,Call,22000,75.0,,4200.0,32.897685971789244,0.0,0.0
31-Mar-2026,Call,24000,126750.0,5325.0,1792.0,13.905344193850972,0.0,0.0
31-Mar-2026,Call,25000,252225.0,-1500.0,1115.15,12.882251334619621,0.0,0.0
31-Mar-2026,Call,26000,554550.0,34875.0,597.75,11.96626622529445,0.0,0.0
31-Mar-2026,Call,27000,1053150.0,-600.0,277.1,11.431175209001825,0.0,0.0
31-Mar-2026,Call,28000,389475.0,1875.0,122.0,11.425826624525525,0.0,0.0
31-Mar-2026,Call,29000,124575.0,4800.0,58.85,11.925681902265802,0.0,0.0
31-Mar-2026,Call,30000,112725.0,-11850.0,32.4,12.704592566856041,0.0,0.0
31-Mar-2026,Put,20000,40500.0,1875.0,41.5,18.66138946888987,0.0,0.0
31-Mar-2026,Put,21000,107625.0,3300.0,63.6,16.808594474182435,0.0,0.0
31-Mar-2026,Put,22000,357825.0,36675.0,95.0,14.789431307648357,0.0,0.0
31-Mar-2026,Put,23000,497400.0,20700.0,167.1,13.298610708069425,0.0,0.0
31-Mar-2026,Put,24000,969900.0,6000.0,313.7,12.11066528778317,0.0,0.0
31-Mar-2026,Put,25000,651675.0,7950.0,582.25,11.045050198255973,0.0,0.0
31-Mar-2026,Put,26000,448575.0,28200.0,1020.95,0.0,0.0,0.0
31-Mar-2026,Put,27000,221175.0,-9075.0,1649.0,0.0,0.0,0.0
31-Mar-2026,Put,28000,85275.0,,2477.0,0.0,0.0,0.0
31-Mar-2026,Put,31000,75.0,,5100.0,0.0,0.0,0.0
